,date,global_radiation,water_temp
0,2019-03-13,NA,5.098031
1,2019-03-14,NA,5.07561875
2,2019-03-15,NA,5.148357375
3,2019-03-16,NA,5.268759375
4,2019-03-17,NA,5.344516125
5,2019-03-18,NA,5.308703875
6,2019-03-19,NA,5.420210375
7,2019-03-20,NA,5.565108375
8,2019-03-21,NA,5.79838075
9,2019-03-22,NA,6.046095875
10,2019-03-23,NA,6.347609125
11,2019-03-24,NA,6.506589
12,2019-03-25,NA,5.954534625
13,2019-03-26,NA,5.53587366666667
14,2019-03-27,NA,6.3815495
15,2019-03-28,NA,6.229191
16,2019-03-29,NA,NA
17,2019-03-30,NA,NA
18,2019-03-31,NA,7.564806
19,2019-04-01,NA,7.14100183333333
20,2019-04-02,NA,8.07987775
21,2019-04-03,NA,7.47589575
22,2019-04-04,NA,7.518456375
23,2019-04-05,NA,8.278666625
24,2019-04-06,NA,8.194972
25,2019-04-07,NA,8.18546025
26,2019-04-08,NA,8.378585625
27,2019-04-09,NA,8.63527066666667
28,2019-04-10,NA,8.676671
29,2019-04-11,NA,8.423361
30,2019-04-12,NA,8.1539855
31,2019-04-13,NA,8.261658625
32,2019-04-14,NA,8.060908125
33,2019-04-15,NA,8.712015125
34,2019-04-16,NA,9.138882125
35,2019-04-17,NA,9.1609265
36,2019-04-18,NA,9.484108125
37,2019-04-19,NA,10.080818625
38,2019-04-20,NA,10.0321225714286
39,2019-04-21,NA,10.34714175
40,2019-04-22,NA,10.52699
41,2019-04-23,NA,11.11194625
42,2019-04-24,NA,11.96325375
43,2019-04-25,NA,11.720882375
44,2019-04-26,NA,11.22304625
45,2019-04-27,NA,11.232218875
46,2019-04-28,NA,10.868556
47,2019-04-29,NA,11.02242875
48,2019-04-30,NA,11.23636125
49,2019-05-01,NA,11.12485
50,2019-05-02,NA,11.0442425
51,2019-05-03,NA,11.1357875
52,2019-05-04,NA,11.081769375
53,2019-05-05,NA,10.537780875
54,2019-05-06,NA,11.042305
55,2019-05-07,NA,11.168128
56,2019-05-08,NA,11.026106
57,2019-05-09,NA,11.14206125
58,2019-05-10,216.028169014085,11.44999
59,2019-05-11,105.810606060606,11.7188825
60,2019-05-12,219.606060606061,11.30719625
61,2019-05-13,217.683823529412,11.46015125
62,2019-05-14,341.113636363636,11.62388
63,2019-05-15,205.888111888112,11.69084
64,2019-05-16,318.5,11.740416
65,2019-05-17,267.426573426573,11.85101
66,2019-05-18,208.354166666667,NA
67,2019-05-19,170.608391608392,NA
68,2019-05-20,45.0972222222222,12.777294
69,2019-05-21,92.6344827586207,12.326125
70,2019-05-22,251.555555555556,12.6771225
71,2019-05-23,344.986013986014,12.91711
72,2019-05-24,301.951388888889,13.26806625
73,2019-05-25,106.552447552448,13.79790125
74,2019-05-26,231.611111111111,13.78302875
75,2019-05-27,231.636363636364,13.82223625
76,2019-05-28,91.7847222222222,13.7426025
77,2019-05-29,161.097902097902,14.2416325
78,2019-05-30,270.9375,14.34253125
79,2019-05-31,327.727272727273,14.58693
80,2019-06-01,324.840277777778,14.86842875
81,2019-06-02,305.482517482517,15.6199825
82,2019-06-03,274.013888888889,15.37784125
83,2019-06-04,246.531468531469,15.9680575
84,2019-06-05,291.229166666667,16.30669625
85,2019-06-06,117.569444444444,15.44752625
86,2019-06-07,281.496503496504,15.32942375
87,2019-06-08,272.361111111111,16.65778625
88,2019-06-09,114.517482517483,16.59301375
89,2019-06-10,68.8611111111111,16.52676125
90,2019-06-11,127.706293706294,16.3394075
91,2019-06-12,240.673611111111,16.377595
92,2019-06-13,297.531468531469,16.837528
93,2019-06-14,255.666666666667,17.04445375
94,2019-06-15,263.72027972028,17.0945685714286
95,2019-06-16,241.222222222222,18.31223
96,2019-06-17,303.832167832168,NA
97,2019-06-18,249.243055555556,NA
98,2019-06-19,241.468531468531,18.009395
99,2019-06-20,168.222222222222,18.869895
100,2019-06-21,210.13986013986,18.35647625
101,2019-06-22,109.201388888889,18.417305
102,2019-06-23,255.930555555556,18.56424875
103,2019-06-24,303.552447552448,18.93363
104,2019-06-25,232.125,19.17946875
105,2019-06-26,264.398601398601,19.80623375
106,2019-06-27,247.555555555556,20.0198257142857
107,2019-06-28,355.062937062937,19.91070875
108,2019-06-29,368.666666666667,20.056085
109,2019-06-30,250.321678321678,20.4035725
110,2019-07-01,332.451388888889,20.9038575
111,2019-07-02,168.573426573427,21.16262125
112,2019-07-03,249.305555555556,20.4896375
113,2019-07-04,318.167832167832,20.0251066666667
114,2019-07-05,239.027777777778,20.877958
115,2019-07-06,181.433566433566,20.98512875
116,2019-07-07,232.618055555556,20.68408625
117,2019-07-08,181.545454545455,20.61036625
118,2019-07-09,219.479166666667,20.09024875
119,2019-07-10,359.486111111111,19.9166883333333
120,2019-07-11,142.293706293706,20.0866316666667
121,2019-07-12,193.208333333333,20.2319775
122,2019-07-13,284.307692307692,19.75857125
123,2019-07-14,293.347222222222,19.640985
124,2019-07-15,198.654929577465,19.418505
125,2019-07-16,331.861111111111,19.7769475
126,2019-07-17,318.440559440559,19.88398875
127,2019-07-18,299.659722222222,20.18240625
128,2019-07-19,273.440559440559,20.2915875
129,2019-07-20,272.708333333333,20.4821025
130,2019-07-21,196.706293706294,20.7391925
131,2019-07-22,264.798611111111,21.0014533333333
132,2019-07-23,241.041958041958,20.96593875
133,2019-07-24,234.479166666667,21.12410375
134,2019-07-25,232.965034965035,21.35500625
135,2019-07-26,270.520833333333,21.49629
136,2019-07-27,206.41958041958,21.454925
137,2019-07-28,59.0625,20.69808625
138,2019-07-29,262.895104895105,21.2512125
139,2019-07-30,322.083333333333,20.82846
140,2019-07-31,171.680555555556,21.36107125
141,2019-08-01,309.321678321678,21.15533125
142,2019-08-02,122.916666666667,21.1289016666667
143,2019-08-03,294.146853146853,20.82694625
144,2019-08-04,304.423611111111,21.2914125
145,2019-08-05,255.79020979021,21.2686325
146,2019-08-06,123.993055555556,21.65444
147,2019-08-07,60.3286713286713,21.23243
148,2019-08-08,272.923611111111,21.128635
149,2019-08-09,268.566433566434,21.130275
150,2019-08-10,105.909722222222,21.60417375
151,2019-08-11,274.559440559441,21.11748375
152,2019-08-12,75.3888888888889,20.943775
153,2019-08-13,144.118881118881,21.04886375
154,2019-08-14,295.25,20.9208857142857
155,2019-08-15,132.659722222222,NA
156,2019-08-16,282.839160839161,20.978716
157,2019-08-17,132.75,20.9033475
158,2019-08-18,303.41958041958,20.71923625
159,2019-08-19,118.916666666667,20.76613625
160,2019-08-20,33.5244755244755,20.4268475
161,2019-08-21,173.354166666667,20.41122375
162,2019-08-22,80.2797202797203,20.10015125
163,2019-08-23,95.4583333333333,19.9647825
164,2019-08-24,196.293706293706,20.0549575
165,2019-08-25,269.625,20.13019875
166,2019-08-26,278.832167832168,20.2635285714286
167,2019-08-27,265.041666666667,20.37481125
168,2019-08-28,204.363636363636,20.61278375
169,2019-08-29,169.104166666667,21.18111625
170,2019-08-30,273.673611111111,20.5136175
171,2019-08-31,225.426573426573,20.95250875
172,2019-09-01,112.594405594406,20.8860625
173,2019-09-02,33.4895104895105,20.62727625
174,2019-09-03,230.604166666667,20.279935
175,2019-09-04,249.706293706294,20.365515
176,2019-09-05,56.8333333333333,20.111235
177,2019-09-06,55.6028368794326,19.82443375
178,2019-09-07,164.909722222222,19.7577883333333
179,2019-09-08,50.7622377622378,19.37283125
180,2019-09-09,153.972222222222,18.91574625
181,2019-09-10,206.643356643357,18.8329725
182,2019-09-11,210.361111111111,18.76678375
183,2019-09-12,251.538461538462,19.006275
184,2019-09-13,248.090277777778,19.1156385714286
185,2019-09-14,214.069444444444,NA
186,2019-09-15,226.062937062937,NA
187,2019-09-16,231.708333333333,19.43712
188,2019-09-17,233.965034965035,19.311445
189,2019-09-18,152.520833333333,19.008845
190,2019-09-19,233.244755244755,18.8065675
191,2019-09-20,230.395833333333,18.6011933333333
192,2019-09-21,222.468531468531,18.6089975
193,2019-09-22,170.236111111111,18.7077425
194,2019-09-23,89.5034965034965,18.62775125
195,2019-09-24,100.270833333333,18.51049625
196,2019-09-25,157.538461538462,18.426615
197,2019-09-26,84.2569444444444,18.38717875
198,2019-09-27,155.160839160839,18.30339125
199,2019-09-28,156.236111111111,18.078285
200,2019-09-29,203.874125874126,18.1674025
201,2019-09-30,127.375,17.57288
202,2019-10-01,190.069444444444,17.8107633333333
203,2019-10-02,88.4405594405594,17.616115
204,2019-10-03,154.881944444444,17.474295
205,2019-10-04,42.5454545454545,17.2732266666667
206,2019-10-05,74.9444444444444,NA
207,2019-10-06,53.0559440559441,NA
208,2019-10-07,145.784722222222,16.557282
209,2019-10-08,99.7062937062937,16.4037925
210,2019-10-09,20.3541666666667,16.2834
211,2019-10-10,114.041958041958,15.85279
212,2019-10-11,176.166666666667,15.69606125
213,2019-10-12,159.146853146853,15.77339125
214,2019-10-13,142.006944444444,15.83993
215,2019-10-14,161.482517482517,15.78356625
216,2019-10-15,51.9513888888889,15.64955875
217,2019-10-16,166.51048951049,15.44082375
218,2019-10-17,143.527777777778,15.3985671428571
219,2019-10-18,68.2361111111111,15.45646625
220,2019-10-19,74.4265734265734,15.371705
221,2019-10-20,84.3263888888889,15.26176
222,2019-10-21,73.5874125874126,15.19050625
223,2019-10-22,39.125,15.17621375
224,2019-10-23,99.8461538461538,15.12968875
225,2019-10-24,53.875,15.066015
226,2019-10-25,83.3076923076923,15.05681125
227,2019-10-26,94.3055555555556,15.03038625
228,2019-10-27,113.14598540146,14.99975375
229,2019-10-28,25.4166666666667,15.00427875
230,2019-10-29,24.4545454545455,14.6487666666667
231,2019-10-30,22.8819444444444,14.403735
232,2019-10-31,29.2797202797203,14.1209525
233,2019-11-01,41.2083333333333,13.948845
234,2019-11-02,68.2430555555556,13.9397625
235,2019-11-03,29.5664335664336,13.86858625
236,2019-11-04,82.1111111111111,13.6175875
237,2019-11-05,80.6713286713287,13.48645375
238,2019-11-06,51.0555555555556,13.32502125
239,2019-11-07,45.993006993007,13.0721425
240,2019-11-08,18.8611111111111,12.8449025
241,2019-11-09,53.2307692307692,12.5995585714286
242,2019-11-10,46.5486111111111,12.3444425
243,2019-11-11,73.986013986014,12.10026125
244,2019-11-12,72.7152777777778,11.9014671428571
245,2019-11-13,51.3076923076923,11.63233
246,2019-11-14,57.2222222222222,11.435268
247,2019-11-15,42.3706293706294,11.11299
248,2019-11-16,51.8888888888889,10.9165675
249,2019-11-17,17.7972027972028,10.7017225
250,2019-11-18,88.1875,10.5300475
251,2019-11-19,54.6944444444444,10.3546575
252,2019-11-20,19.7062937062937,10.20526
253,2019-11-21,20.8333333333333,10.072935
254,2019-11-22,79.0909090909091,9.9290155
255,2019-11-23,21.1180555555556,9.696141
256,2019-11-24,40.5314685314685,9.579132
257,2019-11-25,20.1736111111111,9.52824575
258,2019-11-26,55.8251748251748,9.5006845
259,2019-11-27,42.6319444444444,9.445922
260,2019-11-28,20.8811188811189,9.36838866666667
261,2019-11-29,17.7569444444444,9.26032525
262,2019-11-30,72.041958041958,9.18245375
263,2019-12-01,24.375,9.0058545
264,2019-12-02,14.6293706293706,8.8609455
265,2019-12-03,81.4444444444444,8.60251875
266,2019-12-04,34.9090909090909,8.39003475
267,2019-12-05,23.5694444444444,8.229855
268,2019-12-06,40.8541666666667,8.08394225
269,2019-12-07,34.7412587412587,8.01222925
270,2019-12-08,71.9236111111111,8.01195075
271,2019-12-09,26.7972027972028,7.9248755
272,2019-12-10,65.5347222222222,7.81272
273,2019-12-11,21.7132867132867,7.6384735
274,2019-12-12,44.0416666666667,7.5543685
275,2019-12-13,21.986013986014,7.4132185
276,2019-12-14,36.3263888888889,7.3121005
277,2019-12-15,40.8531468531469,7.2688405
278,2019-12-16,44.0972222222222,7.2323285
279,2019-12-17,31.1468531468531,7.16731975
280,2019-12-18,44.6666666666667,7.12918975
281,2019-12-19,36.4405594405594,7.0855485
282,2019-12-20,18.3263888888889,7.0205125
283,2019-12-21,31.6736111111111,6.98897633333333
284,2019-12-22,20.1818181818182,6.945185
285,2019-12-23,18.6597222222222,6.896964
286,2019-12-24,13.1398601398601,6.851615
287,2019-12-25,28.0763888888889,6.81974625
288,2019-12-26,32.4965034965035,6.782367
289,2019-12-27,17.1597222222222,6.744968
290,2019-12-28,38.0909090909091,6.736814
291,2019-12-29,75.1458333333333,6.6183655
292,2019-12-30,24.6503496503496,6.51357875
293,2019-12-31,19.043795620438,6.41404075
294,2020-01-01,13.6993006993007,6.35725375
295,2020-01-02,16.1458333333333,6.292592
296,2020-01-03,54.0909090909091,6.21375925
297,2020-01-04,23.4722222222222,6.212105
298,2020-01-05,82.1805555555556,6.160389
299,2020-01-06,42.7622377622378,6.10967675
300,2020-01-07,25.2152777777778,6.06860275
301,2020-01-08,55.3496503496503,6.0215415
302,2020-01-09,60.7708333333333,5.9414515
303,2020-01-10,58.2167832167832,5.89432175
304,2020-01-11,52.9861111111111,5.8764225
305,2020-01-12,62.2377622377622,5.81320225
306,2020-01-13,56.2361111111111,5.78085425
307,2020-01-14,78.4195804195804,5.73116375
308,2020-01-15,80.0833333333333,5.68818275
309,2020-01-16,86.1258741258741,NA
310,2020-01-17,33.2982456140351,5.6484365
311,2020-01-18,NA,5.6453585
312,2020-01-19,NA,5.58460675
313,2020-01-20,NA,5.48656
314,2020-01-21,NA,5.422593
315,2020-01-22,34.9875,5.34034875
316,2020-01-23,21.0769230769231,5.26503475
317,2020-01-24,41.4054054054054,5.19717025
318,2020-01-25,NA,5.14150275
319,2020-01-26,NA,5.05298625
320,2020-01-27,NA,5.09153625
321,2020-01-28,NA,5.06989575
322,2020-01-29,NA,4.9845085
323,2020-01-30,NA,5.00704725
324,2020-01-31,NA,5.09059025
325,2020-02-01,NA,5.17755575
326,2020-02-02,NA,5.14441975
327,2020-02-03,NA,5.23357275
328,2020-02-04,NA,5.325997
329,2020-02-05,NA,5.37644366666667
330,2020-02-06,170.822222222222,5.33045625
331,2020-02-07,128.972027972028,5.28083675
332,2020-02-08,107.340277777778,5.2687015
333,2020-02-09,119.86013986014,5.26638575
334,2020-02-10,54.0972222222222,5.34149175
335,2020-02-11,43.034965034965,5.37781325
336,2020-02-12,48.4444444444444,5.356487
337,2020-02-13,51.7132867132867,5.31174125
338,2020-02-14,82.4166666666667,5.29597133333333
339,2020-02-15,126.034965034965,5.321014
340,2020-02-16,60.4305555555556,5.40232025
341,2020-02-17,55.5314685314685,5.463238
342,2020-02-18,114.645833333333,5.51184375
343,2020-02-19,86.05,5.43891825
344,2020-02-20,133.138888888889,5.4689485
345,2020-02-21,121.479166666667,5.53197
346,2020-02-22,128.0,5.64149275
347,2020-02-23,47.6736111111111,5.817506
348,2020-02-24,140.776223776224,5.68526
349,2020-02-25,66.1875,5.6381745
350,2020-02-26,67.7132867132867,5.67437375
351,2020-02-27,46.375,5.625611
352,2020-02-28,153.426573426573,5.66352275
353,2020-02-29,114.951388888889,5.74582825
354,2020-03-01,164.559440559441,6.04318025
355,2020-03-02,49.6527777777778,6.0486815
356,2020-03-03,159.223776223776,5.815058
357,2020-03-04,111.298611111111,5.9121405
358,2020-03-05,28.2307692307692,6.0357525
359,2020-03-06,48.5277777777778,5.948996
360,2020-03-07,88.3216783216783,5.891672
361,2020-03-08,164.604166666667,5.9883715
362,2020-03-09,85.7482517482517,6.1521725
363,2020-03-10,34.2727272727273,6.101204
364,2020-03-11,99.1666666666667,6.1102145
365,2020-03-12,119.48951048951,6.39184325
366,2020-03-13,154.305555555556,NA
367,2020-03-14,91.2097902097902,NA
368,2020-03-15,197.506944444444,NA
369,2020-03-16,188.72027972028,6.641099
370,2020-03-17,163.819444444444,7.139014
371,2020-03-18,198.636363636364,6.9604295
372,2020-03-19,195.340277777778,7.313003
373,2020-03-20,173.447552447552,7.559171
374,2020-03-21,70.2222222222222,7.6924605
375,2020-03-22,114.377622377622,6.48635775
376,2020-03-23,222.777777777778,6.670629
377,2020-03-24,220.194444444444,6.613056
378,2020-03-25,204.475524475524,6.68261975
379,2020-03-26,147.944444444444,6.70069075
380,2020-03-27,182.398601398601,6.77898625
381,2020-03-28,218.319444444444,6.99600725
382,2020-03-29,62.6363636363636,7.07497925
383,2020-03-30,59.4791666666667,6.605019
384,2020-03-31,250.293706293706,6.766912
385,2020-04-01,250.0625,6.7901215
386,2020-04-02,242.090909090909,7.0305425
387,2020-04-03,243.368055555556,7.04671775
388,2020-04-04,252.433566433566,6.9839315
389,2020-04-05,247.736111111111,7.72435325
390,2020-04-06,258.41958041958,8.37252816666667
391,2020-04-07,257.604166666667,8.73742814285714
392,2020-04-08,258.503496503496,8.745666375
393,2020-04-09,234.333333333333,9.173952875
394,2020-04-10,262.361111111111,9.348817125
395,2020-04-11,265.335664335664,9.4573225
396,2020-04-12,241.333333333333,9.7694125
397,2020-04-13,246.013986013986,9.86217485714286
398,2020-04-14,278.166666666667,8.94394514285714
399,2020-04-15,283.391608391608,10.563728
400,2020-04-16,259.270833333333,10.6402725
401,2020-04-17,262.34965034965,10.81550875
402,2020-04-18,275.729166666667,10.69633375
403,2020-04-19,217.195804195804,11.418336125
404,2020-04-20,236.076388888889,10.893475
405,2020-04-21,163.391608391608,11.455415
406,2020-04-22,293.840277777778,11.063278
407,2020-04-23,296.629370629371,11.8303
408,2020-04-24,267.791666666667,11.8770375
409,2020-04-25,219.354166666667,12.69511
410,2020-04-26,192.202797202797,12.502705
411,2020-04-27,251.104166666667,13.1002575
412,2020-04-28,82.2727272727273,12.76013
413,2020-04-29,183.506944444444,13.2563471428571
414,2020-04-30,54.7132867132867,13.81744625
415,2020-05-01,76.9375,12.4614775
416,2020-05-02,110.167832167832,12.5027015
417,2020-05-03,287.229166666667,12.9844475
418,2020-05-04,212.58041958042,12.93295125
419,2020-05-05,44.2222222222222,13.08216875
420,2020-05-06,267.034965034965,12.68096125
421,2020-05-07,286.166666666667,13.41374125
422,2020-05-08,262.944055944056,13.766685
423,2020-05-09,255.520833333333,13.84372875
424,2020-05-10,268.944055944056,14.382565
425,2020-05-11,75.1805555555556,13.123395
426,2020-05-12,224.405594405594,14.15524875
427,2020-05-13,95.0069444444444,13.6498
428,2020-05-14,68.4097222222222,13.2920375
429,2020-05-15,96.6853146853147,13.647405
430,2020-05-16,290.652777777778,13.5203925
431,2020-05-17,351.342657342657,13.77856125
432,2020-05-18,348.923611111111,14.1472285714286
433,2020-05-19,314.133802816901,14.5255657142857
434,2020-05-20,326.875,14.8081975
435,2020-05-21,347.622377622378,15.37912125
436,2020-05-22,237.145833333333,15.73838625
437,2020-05-23,118.657342657343,15.387085
438,2020-05-24,290.520833333333,16.2211825
439,2020-05-25,334.762237762238,15.90030625
440,2020-05-26,330.111111111111,16.139985
441,2020-05-27,372.755244755245,16.3541525
442,2020-05-28,303.5,16.76126875
443,2020-05-29,369.587412587413,16.21910125
444,2020-05-30,312.3125,16.5587757142857
445,2020-05-31,363.594405594406,16.63406
446,2020-06-01,372.388888888889,16.85692
447,2020-06-02,352.090909090909,17.05960125
448,2020-06-03,263.284722222222,17.63598
449,2020-06-04,57.9305555555556,17.61870625
450,2020-06-05,115.832167832168,17.0139775
451,2020-06-06,108.847222222222,16.9928725
452,2020-06-07,102.629370629371,17.2613925
453,2020-06-08,249.840277777778,16.72336375
454,2020-06-09,93.7902097902098,16.61829
455,2020-06-10,82.2152777777778,16.75786
456,2020-06-11,239.839160839161,16.74601875
457,2020-06-12,285.020833333333,17.09116125
458,2020-06-13,308.797202797203,16.71658625
459,2020-06-14,58.9513888888889,17.707515
460,2020-06-15,172.86013986014,17.716135
461,2020-06-16,225.854166666667,17.7484675
462,2020-06-17,100.48951048951,17.59346125
463,2020-06-18,248.4375,17.85639625
464,2020-06-19,119.440559440559,18.0062675
465,2020-06-20,294.666666666667,17.774425
466,2020-06-21,319.468531468531,18.10654125
467,2020-06-22,278.493055555556,18.3654066666667
468,2020-06-23,365.356643356643,18.42176875
469,2020-06-24,375.958333333333,18.81287625
470,2020-06-25,366.950704225352,19.0897
471,2020-06-26,179.298611111111,19.44914
472,2020-06-27,249.034965034965,19.89238875
473,2020-06-28,157.625,19.6299625
474,2020-06-29,200.097902097902,19.62701125
475,2020-06-30,252.881944444444,19.6957625
476,2020-07-01,280.041958041958,19.9864871428571
477,2020-07-02,148.173611111111,19.90848
478,2020-07-03,107.27972027972,20.055215
479,2020-07-04,268.354166666667,19.75267625
480,2020-07-05,292.576388888889,19.7738225
481,2020-07-06,219.58041958042,19.26484875
482,2020-07-07,306.083333333333,19.7208525
483,2020-07-08,300.223776223776,19.8971025
484,2020-07-09,270.5,20.03452125
485,2020-07-10,248.664335664336,20.0515025
486,2020-07-11,101.715277777778,20.55002625
487,2020-07-12,319.538461538462,20.15149375
488,2020-07-13,240.013888888889,20.3699
489,2020-07-14,265.384615384615,20.48949
490,2020-07-15,99.0972222222222,NA
491,2020-07-16,48.2867132867133,NA
492,2020-07-17,134.090277777778,NA
493,2020-07-18,250.48951048951,NA
494,2020-07-19,288.652777777778,NA
495,2020-07-20,247.104895104895,NA
496,2020-07-21,171.145833333333,NA
497,2020-07-22,167.0,20.60314
498,2020-07-23,207.013888888889,20.7863066666667
499,2020-07-24,97.7972027972028,21.082405
500,2020-07-25,254.590277777778,20.65231
501,2020-07-26,230.5,20.72972625
502,2020-07-27,349.888111888112,21.06321375
503,2020-07-28,216.868055555556,21.2281625
504,2020-07-29,264.363636363636,21.18547
505,2020-07-30,314.708333333333,21.43129125
506,2020-07-31,290.013986013986,21.77596875
507,2020-08-01,222.854166666667,22.1079825
508,2020-08-02,95.6013986013986,21.38676875
509,2020-08-03,49.3194444444444,21.4675425
510,2020-08-04,86.9440559440559,20.83808375
511,2020-08-05,227.166666666667,20.72572375
512,2020-08-06,274.286713286713,20.84629
513,2020-08-07,254.333333333333,21.036135
514,2020-08-08,293.384615384615,21.15064625
515,2020-08-09,273.284722222222,21.3534175
516,2020-08-10,279.41958041958,21.6109875
517,2020-08-11,231.340277777778,21.8884425
518,2020-08-12,247.265734265734,21.9396833333333
519,2020-08-13,141.513888888889,22.352654
520,2020-08-14,126.923611111111,21.8700575
521,2020-08-15,310.13986013986,21.76980125
522,2020-08-16,272.986111111111,21.67231375
523,2020-08-17,220.706293706294,22.00173875
524,2020-08-18,240.305555555556,21.96856375
525,2020-08-19,263.510489510489,22.01551625
526,2020-08-20,245.777777777778,21.80482375
527,2020-08-21,297.27972027972,21.88644
528,2020-08-22,86.9375,21.79151375
529,2020-08-23,142.713286713287,21.57941625
530,2020-08-24,245.673611111111,21.61384875
531,2020-08-25,240.468531468531,21.63621125
532,2020-08-26,261.833333333333,21.1630775
533,2020-08-27,232.853146853147,21.59395125
534,2020-08-28,123.597222222222,21.47830125
535,2020-08-29,30.0559440559441,21.218415
536,2020-08-30,24.2464788732394,20.44660375
537,2020-08-31,202.715277777778,20.2583625
538,2020-09-01,173.223776223776,20.11582125
539,2020-09-02,238.125,19.77122
540,2020-09-03,269.992957746479,19.97058
541,2020-09-04,260.590277777778,20.05345125
542,2020-09-05,243.412587412587,20.1759475
543,2020-09-06,43.5694444444444,19.66508
544,2020-09-07,193.566433566434,19.84793
545,2020-09-08,255.416666666667,19.74061
546,2020-09-09,231.527777777778,19.80424625
547,2020-09-10,245.923076923077,19.84253875
548,2020-09-11,240.338028169014,19.7019025
549,2020-09-12,232.409722222222,20.07634625
550,2020-09-13,231.756944444444,20.035225
551,2020-09-14,237.371428571429,20.13921625
552,2020-09-15,231.493055555556,20.18825875
553,2020-09-16,171.51048951049,20.3235475
554,2020-09-17,215.652777777778,20.2996028571429
555,2020-09-18,175.062937062937,20.01044
556,2020-09-19,118.458333333333,20.0042275
557,2020-09-20,206.503496503497,20.177205
558,2020-09-21,196.013888888889,20.36679375
559,2020-09-22,129.846153846154,20.50551875
560,2020-09-23,95.986013986014,20.481325
561,2020-09-24,126.048611111111,20.465305
562,2020-09-25,33.4685314685315,19.81027
563,2020-09-26,52.3055555555556,18.93941125
564,2020-09-27,106.86013986014,18.2519275
565,2020-09-28,178.347222222222,17.864535
566,2020-09-29,42.0208333333333,17.60857375
567,2020-09-30,154.524475524476,17.43961625
568,2020-10-01,111.958333333333,17.37501625
569,2020-10-02,70.020979020979,17.267175
570,2020-10-03,122.9375,17.02133125
571,2020-10-04,146.090909090909,16.81585
572,2020-10-05,87.5625,16.6425425
573,2020-10-06,72.75,16.400215
574,2020-10-07,91.2916666666667,16.145645
575,2020-10-08,147.601398601399,16.021935
576,2020-10-09,149.868055555556,15.97943
577,2020-10-10,40.3426573426573,15.99099875
578,2020-10-11,104.916666666667,15.80282625
579,2020-10-12,56.6319444444444,15.50307875
580,2020-10-13,126.006993006993,15.18377625
581,2020-10-14,166.75,14.897215
582,2020-10-15,33.4545454545455,14.62154875
583,2020-10-16,45.9166666666667,14.3954071428571
584,2020-10-17,69.4265734265734,NA
585,2020-10-18,106.618055555556,NA
586,2020-10-19,109.804195804196,13.9902275
587,2020-10-20,112.944444444444,13.87843
588,2020-10-21,49.1468531468531,13.7807025
589,2020-10-22,91.4652777777778,13.72043125
590,2020-10-23,28.4545454545455,13.7505725
591,2020-10-24,114.708333333333,13.7815275
592,2020-10-25,119.867132867133,13.7807542857143
593,2020-10-26,12.125,13.65151875
594,2020-10-27,102.972027972028,13.2933525
595,2020-10-28,67.9444444444444,13.119945
596,2020-10-29,37.4755244755245,12.98148625
597,2020-10-30,123.423611111111,12.92706875
598,2020-10-31,62.0555555555556,12.8659475
599,2020-11-01,44.8601398601399,12.7517075
600,2020-11-02,106.034722222222,12.8281775
601,2020-11-03,19.2237762237762,12.87957
602,2020-11-04,21.0416666666667,12.69544375
603,2020-11-05,27.7482517482517,12.505485
604,2020-11-06,79.1041666666667,12.42545875
605,2020-11-07,86.2237762237762,12.3903875
606,2020-11-08,65.3888888888889,12.28185125
607,2020-11-09,90.1468531468531,12.19488375
608,2020-11-10,48.6041666666667,12.08555125
609,2020-11-11,24.3776223776224,11.9614428571429
610,2020-11-12,84.3194444444444,11.86896
611,2020-11-13,96.7762237762238,11.7571425
612,2020-11-14,100.854166666667,11.65712375
613,2020-11-15,90.3496503496503,11.52658875
614,2020-11-16,55.8680555555556,11.44616375
615,2020-11-17,91.5314685314685,11.41442875
616,2020-11-18,70.6388888888889,11.350365
617,2020-11-19,20.1538461538462,11.179785
618,2020-11-20,37.5138888888889,10.95937625
619,2020-11-21,86.8958333333333,10.73457125
620,2020-11-22,42.9090909090909,10.4984275
621,2020-11-23,67.4375,10.32772625
622,2020-11-24,34.1468531468531,10.1604525
623,2020-11-25,13.3194444444444,9.9849265
624,2020-11-26,21.4895104895105,9.820052875
625,2020-11-27,24.25,9.67261571428571
626,2020-11-28,16.5664335664336,9.4595845
627,2020-11-29,6.77083333333333,9.23613725
628,2020-11-30,14.8391608391608,8.99339075
629,2020-12-01,12.4513888888889,8.74066825
630,2020-12-02,15.013986013986,8.5404085
631,2020-12-03,63.9930555555556,8.3781445
632,2020-12-04,19.4475524475524,8.19344725
633,2020-12-05,21.8333333333333,8.03004925
634,2020-12-06,13.8741258741259,7.8802605
635,2020-12-07,31.1180555555556,7.7325985
636,2020-12-08,20.3333333333333,7.62544375
637,2020-12-09,11.5594405594406,7.52043325
638,2020-12-10,18.4275362318841,7.40358475
639,2020-12-11,34.1987639060569,7.26927125
640,2020-12-12,25.5966666666667,7.19382775
641,2020-12-13,14.2618649965205,7.1248205
642,2020-12-14,34.859735744089,7.047053
643,2020-12-15,24.4700486448923,6.974447
644,2020-12-16,25.6118219749652,6.92766225
645,2020-12-17,46.9698887343533,6.87671825
646,2020-12-18,47.4569541029207,6.82855975
647,2020-12-19,20.703125,6.76346825
648,2020-12-20,32.341225626741,6.69344025
649,2020-12-21,20.1525400139179,6.6546055
650,2020-12-22,47.4659470752089,6.65911975
651,2020-12-23,30.8848400556328,6.73255975
652,2020-12-24,29.6311670160727,6.74822175
653,2020-12-25,16.1061111111111,6.671683
654,2020-12-26,77.181223922114,6.576662
655,2020-12-27,34.3351388888889,6.394359
656,2020-12-28,12.7058536585366,6.33223225
657,2020-12-29,37.1034794711204,6.196067
658,2020-12-30,27.0441973592773,6.1084965
659,2020-12-31,33.1763425253991,6.0494645
660,2021-01-01,25.4538247566064,5.98158475
661,2021-01-02,8.13986111111111,5.944373
662,2021-01-03,16.8446527777778,5.88897175
663,2021-01-04,24.7519259259259,5.79190125
664,2021-01-05,11.5741754385965,5.7008485
665,2021-01-06,32.0505555555556,5.62405975
666,2021-01-07,44.15375,5.53904225
667,2021-01-08,43.5828472222222,5.4310915
668,2021-01-09,59.7122222222222,5.2562885
669,2021-01-10,74.8053472222222,5.173148
670,2021-01-11,66.1777777777778,5.135898
671,2021-01-12,15.821875,4.979676
672,2021-01-13,45.2795264623955,4.899852
673,2021-01-14,8.92145428365731,4.8067115
674,2021-01-15,29.8685933147632,4.69180625
675,2021-01-16,39.7498611111111,4.528183
676,2021-01-17,30.6835187760779,4.421046
677,2021-01-18,40.7009728978457,4.405961
678,2021-01-19,77.7638888888889,4.33023925
679,2021-01-20,70.5627083333333,4.286366
680,2021-01-21,66.7420138888889,4.2165315
681,2021-01-22,63.5059027777778,4.26066925
682,2021-01-23,64.18617095205,4.2517885
683,2021-01-24,101.020013898541,4.180732
684,2021-01-25,49.4520833333333,4.0951975
685,2021-01-26,72.0506944444444,4.04988025
686,2021-01-27,20.0806115357887,3.9770775
687,2021-01-28,20.5611739745403,3.9277255
688,2021-01-29,35.4125628140703,3.99813375
689,2021-01-30,28.3920083391244,4.03405975
690,2021-01-31,35.3243055555556,4.08121825
691,2021-02-01,30.5548364648573,4.123377
692,2021-02-02,31.0627083333333,4.19519375
693,2021-02-03,18.9189378057303,4.26675725
694,2021-02-04,59.6452397498263,4.32957
695,2021-02-05,93.4263194444444,4.4856055
696,2021-02-06,30.6779554937413,4.48859875
697,2021-02-07,23.0271527777778,4.4200105
698,2021-02-08,58.0824305555556,4.33869375
699,2021-02-09,36.7056406685237,4.27606675
700,2021-02-10,25.7917246175243,4.1922535
701,2021-02-11,75.4559027777778,4.09515475
702,2021-02-12,77.3139583333333,3.95446475
703,2021-02-13,97.9597222222222,3.794549
704,2021-02-14,138.818958333333,3.680972
705,2021-02-15,74.7498262682418,3.487423
706,2021-02-16,99.3018055555556,3.560305
707,2021-02-17,106.868450312717,3.652831
708,2021-02-18,107.429027777778,3.70679225
709,2021-02-19,118.303541666667,3.75370425
710,2021-02-20,153.336527777778,3.88169375
711,2021-02-21,155.296597222222,3.94579575
712,2021-02-22,131.201875,3.97584875
713,2021-02-23,138.300486111111,4.09005975
714,2021-02-24,142.436944444444,4.294919
715,2021-02-25,161.249583333333,4.347021
716,2021-02-26,126.636527777778,4.52961625
717,2021-02-27,38.5125694444444,4.21227125
718,2021-02-28,121.884652777778,4.157352
719,2021-03-01,156.953333333333,4.38981725
720,2021-03-02,177.053125,4.42282025
721,2021-03-03,71.4020138888889,4.57774275
722,2021-03-04,98.3095138888889,4.76066925
723,2021-03-05,28.4824305555556,4.7639085
724,2021-03-06,126.228402777778,4.5354225
725,2021-03-07,94.3320833333333,4.50771125
726,2021-03-08,165.487569444444,4.625701
727,2021-03-09,128.744513888889,4.676136
728,2021-03-10,171.074236111111,4.775193625
729,2021-03-11,86.9795874822191,5.1068345
730,2021-03-12,183.534912891986,4.728683
731,2021-03-13,132.484421052632,NA
732,2021-03-14,102.493584379358,NA
733,2021-03-15,60.2972765363129,4.929906
734,2021-03-16,91.2403752605976,4.946901375
735,2021-03-17,93.5944328462074,4.958112625
736,2021-03-18,125.211597222222,5.0293715
737,2021-03-19,172.51125,5.04760025
738,2021-03-20,172.183687943262,4.97709325
739,2021-03-21,63.2929861111111,5.024736
740,2021-03-22,96.5790277777778,5.09033275
741,2021-03-23,211.236736111111,5.142008625
742,2021-03-24,235.078819444444,5.3328505
743,2021-03-25,225.110347222222,5.596669
744,2021-03-26,211.386458333333,5.77166725
745,2021-03-27,109.409880028229,5.79867425
746,2021-03-28,253.498188405797,5.64400675
747,2021-03-29,246.348125,6.5264385
748,2021-03-30,241.100070921986,6.6808485
749,2021-03-31,249.470972222222,6.817410125
750,2021-04-01,245.668402777778,7.327148
751,2021-04-02,212.559097222222,6.979017625
752,2021-04-03,194.325833333333,5.816801125
753,2021-04-04,265.669513888889,6.670977125
754,2021-04-05,167.087282835302,7.33634325
755,2021-04-06,146.121944444444,6.324308125
756,2021-04-07,148.446597222222,7.0059085
757,2021-04-08,259.814606741573,6.7400105
758,2021-04-09,238.186041666667,7.483621375
759,2021-04-10,205.424930555556,7.78556875
760,2021-04-11,229.183819444444,7.484730625
761,2021-04-12,90.8639332870049,6.575952375
762,2021-04-13,177.868541666667,7.654859125
763,2021-04-14,232.676666666667,7.699290625
764,2021-04-15,175.348194444444,7.52540657142857
765,2021-04-16,280.336388888889,7.629204375
766,2021-04-17,217.140694444444,7.415762375
767,2021-04-18,150.794722222222,7.679401375
768,2021-04-19,251.139444444444,7.753580875
769,2021-04-20,284.724652777778,8.137882
770,2021-04-21,222.975460992908,8.73535925
771,2021-04-22,251.416736111111,9.061158375
772,2021-04-23,309.313125,8.575866
773,2021-04-24,300.174496177901,9.393549375
774,2021-04-25,307.995416666667,9.4552835
775,2021-04-26,260.872291666667,9.004665625
776,2021-04-27,251.948888888889,9.823398875
777,2021-04-28,199.257272094642,10.3537225
778,2021-04-29,103.034631432545,10.424813
779,2021-04-30,179.676270006959,NA
780,2021-05-01,43.7660839160839,NA
781,2021-05-02,121.893732590529,NA
782,2021-05-03,282.357262569832,10.9481425
783,2021-05-04,223.022916666667,11.01027
784,2021-05-05,114.719632768362,10.41029525
785,2021-05-06,75.7031601123596,10.97682375
786,2021-05-07,169.040407589599,10.648750875
787,2021-05-08,278.202855153203,10.88251625
788,2021-05-09,273.845448227936,11.14441
789,2021-05-10,176.059861111111,11.48196425
790,2021-05-11,94.8771210013908,11.75572
791,2021-05-12,172.768292682927,12.3909342857143
792,2021-05-13,146.379675370501,11.811478
793,2021-05-14,231.552470424495,12.13690125
794,2021-05-15,155.725312934631,12.32517375
795,2021-05-16,131.427000695894,12.7482375
796,2021-05-17,236.563216783217,12.24852375
797,2021-05-18,191.090403337969,12.4458125
798,2021-05-19,192.018213538032,12.5712475
799,2021-05-20,185.519024390244,12.9053025
800,2021-05-21,33.9531988873435,13.12016875
801,2021-05-22,251.646314325452,12.93992
802,2021-05-23,252.527266387727,12.9043875
803,2021-05-24,83.0078581363004,13.2670825
804,2021-05-25,326.859287709497,13.1363225
805,2021-05-26,150.344791666667,13.3751825
806,2021-05-27,162.590459610028,13.37551125
807,2021-05-28,343.252536483669,13.513705
808,2021-05-29,282.064583333333,13.5705925
809,2021-05-30,359.652016689847,13.93657375
810,2021-05-31,342.76233495483,14.2436075
811,2021-06-01,334.222376650452,14.5937225
812,2021-06-02,213.167824878388,15.10628375
813,2021-06-03,239.558263888889,15.60115375
814,2021-06-04,173.467222222222,15.57634125
815,2021-06-05,79.8940277777778,15.75912125
816,2021-06-06,94.8203472222222,16.0398775
817,2021-06-07,105.649444444444,15.40243625
818,2021-06-08,207.205902777778,16.11852375
819,2021-06-09,247.112847222222,16.050716
820,2021-06-10,311.064375,16.462235
821,2021-06-11,349.850972222222,16.78402625
822,2021-06-12,322.914930555556,17.0025675
823,2021-06-13,295.322916666667,17.1667125
824,2021-06-14,353.450972222222,17.35275
825,2021-06-15,267.705277777778,17.8679925
826,2021-06-16,271.62625,18.08938875
827,2021-06-17,271.95875,18.31497
828,2021-06-18,267.456597222222,18.4922525
829,2021-06-19,298.648541666667,18.894655
830,2021-06-20,186.968055555556,18.8017875
831,2021-06-21,243.793680555556,18.6332025
832,2021-06-22,119.0725,19.3758225
833,2021-06-23,200.001041666667,19.18302375
834,2021-06-24,155.439583333333,19.33061375
835,2021-06-25,163.687986111111,19.0691675
836,2021-06-26,284.637152777778,19.02667375
837,2021-06-27,317.217777777778,19.077955
838,2021-06-28,263.962708333333,19.244595
839,2021-06-29,194.615347222222,19.639495
840,2021-06-30,258.850138888889,19.3460325
841,2021-07-01,153.937222222222,19.56919
842,2021-07-02,318.056944444444,19.34001375
843,2021-07-03,223.660416666667,19.4053225
844,2021-07-04,120.040763888889,19.58058375
845,2021-07-05,164.732361111111,19.66529125
846,2021-07-06,206.591875,19.04765875
847,2021-07-07,81.7985416666667,19.767825
848,2021-07-08,72.4854166666667,19.454902
849,2021-07-09,232.702013888889,19.5123625
850,2021-07-10,285.809097222222,19.3212325
851,2021-07-11,227.397430555556,19.4003575
852,2021-07-12,263.033055555556,19.29401125
853,2021-07-13,69.754375,19.43581
854,2021-07-14,138.514791666667,19.4636414285714
855,2021-07-15,98.9430555555556,19.4186075
856,2021-07-16,189.258680555556,18.9262525
857,2021-07-17,154.685208333333,18.999545
858,2021-07-18,247.608333333333,18.88875875
859,2021-07-19,334.320694444444,19.19747125
860,2021-07-20,330.231805555556,18.924505
861,2021-07-21,327.014930555556,19.180005
862,2021-07-22,283.068125,19.38785375
863,2021-07-23,309.210694444444,19.5433725
864,2021-07-24,144.368263888889,19.3752325
865,2021-07-25,123.870833333333,19.34209625
866,2021-07-26,161.449861111111,19.56279625
867,2021-07-27,185.027569444444,19.49487625
868,2021-07-28,88.815625,19.4748125
869,2021-07-29,285.930694444444,19.35098375
870,2021-07-30,158.167638888889,19.38305875
871,2021-07-31,181.429097222222,19.19551
872,2021-08-01,97.8335416666667,19.06242625
873,2021-08-02,174.268541666667,19.34733625
874,2021-08-03,160.620138888889,18.9652525
875,2021-08-04,65.5277083333333,19.3509775
876,2021-08-05,120.399722222222,18.86719875
877,2021-08-06,112.038611111111,19.06380625
878,2021-08-07,59.005,18.7348375
879,2021-08-08,78.4666666666667,18.9396125
880,2021-08-09,182.371666666667,18.58108375
881,2021-08-10,241.184583333333,18.69116875
882,2021-08-11,232.251180555556,18.720985
883,2021-08-12,228.485694444444,18.80059375
884,2021-08-13,190.126736111111,18.8885325
885,2021-08-14,224.207986111111,19.05052
886,2021-08-15,199.195486111111,18.84479125
887,2021-08-16,59.6150694444444,19.22977125
888,2021-08-17,133.335625,18.8663525
889,2021-08-18,154.270347222222,18.91219125
890,2021-08-19,114.514236111111,18.9463142857143
891,2021-08-20,229.331111111111,19.126115
892,2021-08-21,274.6225,19.2208
893,2021-08-22,86.1588194444444,19.19055875
894,2021-08-23,180.8,19.3665675
895,2021-08-24,74.3145519713262,18.8801525
896,2021-08-25,110.429583333333,18.81135125
897,2021-08-26,177.062569444444,18.50904375
898,2021-08-27,189.138680555556,18.60037625
899,2021-08-28,81.5827083333333,18.7186075
900,2021-08-29,103.342222222222,18.46946375
901,2021-08-30,82.8,18.39874
902,2021-08-31,203.353541666667,18.22571875
903,2021-09-01,264.473402777778,18.21249
904,2021-09-02,259.342430555556,18.43787625
905,2021-09-03,254.289375,18.45701
906,2021-09-04,181.192361111111,18.61033625
907,2021-09-05,249.74125,18.68002
908,2021-09-06,227.215347222222,18.77339625
909,2021-09-07,208.315763888889,18.8087
910,2021-09-08,204.106041666667,18.7969625
911,2021-09-09,187.791319444444,19.7352075
912,2021-09-10,93.159375,19.0004
913,2021-09-11,198.239930555556,19.13633125
914,2021-09-12,141.308611111111,19.1182775
915,2021-09-13,194.182847222222,19.20925375
916,2021-09-14,152.388194444444,19.10334
917,2021-09-15,58.9111805555556,19.135265
918,2021-09-16,72.0710638297872,19.18931625
919,2021-09-17,165.284166666667,19.03434125
920,2021-09-18,190.254791666667,18.98388375
921,2021-09-19,27.9828472222222,18.9509675
922,2021-09-20,53.940625,18.94166625
923,2021-09-21,164.094960965224,18.3414028571429
924,2021-09-22,165.605976372481,18.3062225
925,2021-09-23,149.550763888889,18.13078
926,2021-09-24,178.889097222222,18.19482375
927,2021-09-25,158.420416666667,18.0969775
928,2021-09-26,66.8149305555555,18.190095
929,2021-09-27,137.041527777778,18.27645125
930,2021-09-28,96.0388888888889,18.03335875
931,2021-09-29,131.727013888889,18.02047
932,2021-09-30,176.448472222222,18.137925
933,2021-10-01,166.148055555556,17.94148125
934,2021-10-02,161.340902777778,18.0454025
935,2021-10-03,109.852986111111,17.760115
936,2021-10-04,60.0618055555556,17.6174875
937,2021-10-05,70.2286111111111,17.5862825
938,2021-10-06,94.8097289784573,17.43162125
939,2021-10-07,94.5495035460993,17.2164025
940,2021-10-08,80.8495138888889,16.89228
941,2021-10-09,94.0288888888889,16.53722125
942,2021-10-10,86.1586111111111,16.25906875
943,2021-10-11,133.778611111111,15.9651175
944,2021-10-12,58.6018068102849,15.71054125
945,2021-10-13,148.989305555556,15.48175625
946,2021-10-14,151.271527777778,15.205156
947,2021-10-15,149.725833333333,15.00080125
948,2021-10-16,118.346805555556,14.92481
949,2021-10-17,117.025138888889,14.84237
950,2021-10-18,133.440555555556,14.7539125
951,2021-10-19,73.1142361111111,14.647715
952,2021-10-20,108.527986111111,14.62368375
953,2021-10-21,151.12875,14.311295
954,2021-10-22,43.8927777777778,14.12682
955,2021-10-23,150.523472222222,13.83393
956,2021-10-24,115.811605281445,13.56605
957,2021-10-25,105.908055555556,13.50930875
958,2021-10-26,72.8647222222222,13.42332375
959,2021-10-27,90.0673611111111,13.3158371428571
960,2021-10-28,117.536388888889,13.20800375
961,2021-10-29,57.3137595552467,13.12853
962,2021-10-30,31.0843055555556,12.9507325
963,2021-10-31,116.022748498999,12.8459085714286
964,2021-11-01,26.733125,12.7750925
965,2021-11-02,61.1043871866295,12.59664125
966,2021-11-03,35.6863794301598,12.3498225
967,2021-11-04,34.3501737317582,12.082865
968,2021-11-05,61.4890972222222,11.83237875
969,2021-11-06,104.916180555556,11.66860625
970,2021-11-07,100.019930555556,11.502025
971,2021-11-08,61.0195833333333,11.40228375
972,2021-11-09,94.1303472222222,11.1768025
973,2021-11-10,42.0980555555556,10.9744225
974,2021-11-11,47.1441666666667,10.80653375
975,2021-11-12,25.4058333333333,10.6765366666667
976,2021-11-13,19.2706944444444,10.5459675
977,2021-11-14,29.3715972222222,10.496345
978,2021-11-15,32.4967361111111,10.3935975
979,2021-11-16,9.60784722222222,10.26774
980,2021-11-17,15.5886805555556,10.1131875
981,2021-11-18,76.1157638888889,9.9841335
982,2021-11-19,24.3897916666667,9.80329575
983,2021-11-20,16.5395833333333,9.6470035
984,2021-11-21,32.9197916666667,9.56111975
985,2021-11-22,13.87,9.4315182
986,2021-11-23,19.4656944444444,9.2153875
987,2021-11-24,24.8463888888889,9.03090125
988,2021-11-25,21.4304861111111,8.896905
989,2021-11-26,14.885625,8.69292575
990,2021-11-27,31.9764583333333,8.47279575
991,2021-11-28,28.933148019458,8.30428525
992,2021-11-29,35.1036111111111,8.144669
993,2021-11-30,18.7906620209059,7.92343675
994,2021-12-01,34.357810320781,7.80715875
995,2021-12-02,39.0718162839248,7.7284965
996,2021-12-03,73.8372222222222,7.6156725
997,2021-12-04,12.5723359209598,7.4782535
998,2021-12-05,47.1285813630042,7.3533205
999,2021-12-06,31.2972202918694,7.27912325
1000,2021-12-07,58.4170375521558,7.16319375
1001,2021-12-08,7.91004884856943,7.03805625
1002,2021-12-09,28.2079861111111,6.92595075
1003,2021-12-10,15.2043175487465,6.797824
1004,2021-12-11,29.0995138888889,6.6706795
1005,2021-12-12,42.0326388888889,6.64394725
1006,2021-12-13,65.9873435326843,6.6172535
1007,2021-12-14,19.3584027777778,6.5637395
1008,2021-12-15,15.4559027777778,6.498257
1009,2021-12-16,14.226875,6.408056
1010,2021-12-17,14.0965933286018,6.36972175
1011,2021-12-18,66.7781944444444,6.2721795
1012,2021-12-19,23.4353022932592,6.17197875
1013,2021-12-20,41.8907510431154,6.11439425
1014,2021-12-21,15.3588888888889,6.09396825
1015,2021-12-22,40.0990277777778,6.0034505
1016,2021-12-23,52.8545833333333,5.91019
1017,2021-12-24,14.7444753300903,5.86333825
1018,2021-12-25,13.7089645587213,5.83231325
1019,2021-12-26,25.3823938761308,5.82691525
1020,2021-12-27,43.0218358831711,5.83221475
1021,2021-12-28,24.0069473684211,5.81797175
1022,2021-12-29,8.48817802503477,5.81625
1023,2021-12-30,38.8891666666667,5.8977675
1024,2021-12-31,78.9995333333333,5.983
1025,2022-01-01,76.9204861111111,5.913736
1026,2022-01-02,50.3375694444444,5.882074
1027,2022-01-03,29.347255038221,5.86015475
1028,2022-01-04,41.9616409537167,5.902951
1029,2022-01-05,28.2275766016713,5.84078175
1030,2022-01-06,26.8518776077886,5.75618675
1031,2022-01-07,43.2127083333333,5.64870425
1032,2022-01-08,43.973106323836,5.58653875
1033,2022-01-09,43.104688593422,5.53437325
1034,2022-01-10,43.2236805555556,5.505229
1035,2022-01-11,26.5624478442281,5.499676
1036,2022-01-12,73.8952777777778,5.4387535
1037,2022-01-13,83.5965277777778,5.32553525
1038,2022-01-14,83.2852083333333,5.24234875
1039,2022-01-15,33.2675694444444,5.147123
1040,2022-01-16,56.474375,5.05223466666667
1041,2022-01-17,89.9604861111111,5.00187675
1042,2022-01-18,50.6776388888889,4.965588
1043,2022-01-19,76.3379166666667,4.9080315
1044,2022-01-20,21.564375,4.86202333333333
1045,2022-01-21,91.8011805555556,4.838528
1046,2022-01-22,55.4447916666667,4.80040475
1047,2022-01-23,84.9440972222222,4.69190475
1048,2022-01-24,35.2206944444444,4.623049
1049,2022-01-25,70.1957638888889,4.60956325
1050,2022-01-26,66.646875,4.57953525
1051,2022-01-27,64.571875,4.53047525
1052,2022-01-28,90.304375,4.52704925
1053,2022-01-29,82.5469444444444,4.572486
1054,2022-01-30,68.4263194444444,4.576141
1055,2022-01-31,25.3970546984572,4.5604825
1056,2022-02-01,24.7559109874826,4.51454225
1057,2022-02-02,16.5504867872045,4.482331
1058,2022-02-03,68.6771527777778,4.51755975
1059,2022-02-04,78.37625,4.5728205
1060,2022-02-05,108.68496868476,4.59507375
1061,2022-02-06,55.5256661991585,4.52194025
1062,2022-02-07,88.4907770515614,4.544074
1063,2022-02-08,112.063611111111,4.538095
1064,2022-02-09,118.592777777778,4.53363025
1065,2022-02-10,116.823055555556,4.511901
1066,2022-02-11,88.7516353514266,4.6284435
1067,2022-02-12,121.398958333333,4.628574
1068,2022-02-13,125.1425,4.64965525
1069,2022-02-14,62.1375694444444,4.5913275
1070,2022-02-15,47.2332870048645,4.5597815
1071,2022-02-16,34.0573611111111,4.540458
1072,2022-02-17,39.8168289290682,4.61987675
1073,2022-02-18,65.2849056603774,4.6410425
1074,2022-02-19,65.9732453092425,4.755444
1075,2022-02-20,99.7404861111111,4.77082725
1076,2022-02-21,55.06,4.8227115
1077,2022-02-22,82.4088194444444,4.8724615
1078,2022-02-23,128.669652777778,4.96245775
1079,2022-02-24,99.3206944444444,4.9615775
1080,2022-02-25,101.104305555556,4.96390475
1081,2022-02-26,135.656666666667,4.95877825
1082,2022-02-27,154.448472222222,4.96303175
1083,2022-02-28,153.718611111111,5.09196475
1084,2022-03-01,149.423263888889,5.13426775
1085,2022-03-02,123.979444444444,5.15160925
1086,2022-03-03,154.07375,5.25321125
1087,2022-03-04,158.175277777778,5.137958
1088,2022-03-05,158.958958333333,5.07494025
1089,2022-03-06,146.358402777778,5.033824
1090,2022-03-07,155.142222222222,5.07035925
1091,2022-03-08,155.527013888889,5.06903525
1092,2022-03-09,163.143611111111,5.04878433333333
1093,2022-03-10,168.808136300417,5.1997535
1094,2022-03-11,145.022307157748,5.198317
1095,2022-03-12,133.252430555556,5.3061305
1096,2022-03-13,169.392916666667,5.5606725
1097,2022-03-14,173.606397774687,5.87270425
1098,2022-03-15,28.2816979819067,5.90501775
1099,2022-03-16,104.915379262352,6.0969155
1100,2022-03-17,118.02744961779,5.891278
1101,2022-03-18,33.3539958304378,5.56586975
1102,2022-03-19,169.078109798471,5.98315125
1103,2022-03-20,176.578233657858,6.0680845
1104,2022-03-21,160.993680555556,6.39432725
1105,2022-03-22,188.667708333333,6.6444295
1106,2022-03-23,192.201041666667,6.89271125
1107,2022-03-24,193.662152777778,7.16862325
1108,2022-03-25,190.072361111111,7.3665035
1109,2022-03-26,188.600416666667,6.90057075
1110,2022-03-27,198.112916666667,7.7420775
1111,2022-03-28,194.066527777778,7.923648
1112,2022-03-29,121.076180555556,7.9858135
1113,2022-03-30,71.425851285615,7.741167375
1114,2022-03-31,60.4627083333333,7.97526357142857
1115,2022-04-01,32.6567755385685,7.2595475
1116,2022-04-02,56.3524305555556,6.74191375
1117,2022-04-03,140.189652777778,6.95096125
1118,2022-04-04,189.709444444444,7.11403525
1119,2022-04-05,82.071914893617,7.751607625
1120,2022-04-06,180.481041666667,7.964471875
1121,2022-04-07,83.2381754385965,7.8583485
1122,2022-04-08,87.3634655532359,7.622293875
1123,2022-04-09,107.500280504909,7.163151375
1124,2022-04-10,197.603819444444,7.84104925
1125,2022-04-11,214.802013888889,8.019318625
1126,2022-04-12,203.607916666667,8.0849895
1127,2022-04-13,224.862361111111,8.41653142857143
1128,2022-04-14,227.447291666667,8.6333744
1129,2022-04-15,155.872361111111,8.60875875
1130,2022-04-16,162.913888888889,8.619644375
1131,2022-04-17,246.656597222222,8.98008625
1132,2022-04-18,234.72125,9.513686875
1133,2022-04-19,148.246736111111,9.996811125
1134,2022-04-20,259.380203045685,9.036198875
1135,2022-04-21,288.059318497914,9.7790435
1136,2022-04-22,267.727152777778,10.171852625
1137,2022-04-23,155.423194444444,10.069025375
1138,2022-04-24,101.396100278552,10.216739875
1139,2022-04-25,127.278248783878,11.58870625
1140,2022-04-26,173.64213091922,11.1551625
1141,2022-04-27,289.726666666667,11.105335
1142,2022-04-28,313.20125,11.2251275
1143,2022-04-29,262.243262411348,11.79898
1144,2022-04-30,146.89170153417,11.93211
1145,2022-05-01,277.887143849896,11.932595
1146,2022-05-02,286.85702364395,12.16607375
1147,2022-05-03,186.691535150646,12.52932
1148,2022-05-04,182.527310632384,12.7761025
1149,2022-05-05,94.5412754029432,12.60853
1150,2022-05-06,60.0468336812804,12.80889375
1151,2022-05-07,116.141209173037,12.9610175
1152,2022-05-08,137.563333333333,12.93216
1153,2022-05-09,251.028492008339,13.1103075
1154,2022-05-10,281.12383599722,13.70423375
1155,2022-05-11,305.995069444444,13.73207375
1156,2022-05-12,263.070972222222,13.9382428571429
1157,2022-05-13,120.327291666667,14.40118875
1158,2022-05-14,309.814375,14.195555
1159,2022-05-15,303.697291666667,14.53669
1160,2022-05-16,261.106805555556,15.25673375
1161,2022-05-17,313.731944444444,15.570525
1162,2022-05-18,325.341111111111,15.5726625
1163,2022-05-19,214.875277777778,16.398465
1164,2022-05-20,224.147083333333,15.7681375
1165,2022-05-21,205.403055555556,16.23484
1166,2022-05-22,203.287013888889,15.89069125
1167,2022-05-23,195.425208333333,16.04096125
1168,2022-05-24,84.0435416666667,16.552845
1169,2022-05-25,249.967013888889,16.351965
1170,2022-05-26,321.712013888889,16.34187375
1171,2022-05-27,343.733263888889,16.0915075
1172,2022-05-28,206.740694444444,16.92556875
1173,2022-05-29,280.113263888889,15.9601375
1174,2022-05-30,346.410277777778,16.5994425
1175,2022-05-31,156.276875,16.5799225
1176,2022-06-01,153.275347222222,16.67001125
1177,2022-06-02,244.568888888889,16.78164
1178,2022-06-03,190.378541666667,16.94601625
1179,2022-06-04,310.320486111111,16.91681875
1180,2022-06-05,124.514722222222,17.3432625
1181,2022-06-06,248.812569444444,17.17895625
1182,2022-06-07,170.912638888889,17.59992
1183,2022-06-08,201.821875,17.3447775
1184,2022-06-09,179.01,17.54394125
1185,2022-06-10,334.017430555556,17.50161875
1186,2022-06-11,316.037847222222,17.85456125
1187,2022-06-12,302.516458333333,17.829785
1188,2022-06-13,285.454305555556,18.0173175
1189,2022-06-14,336.724722222222,18.11146125
1190,2022-06-15,234.349722222222,18.50465
1191,2022-06-16,317.642916666667,18.75919875
1192,2022-06-17,352.203541666667,19.0245725
1193,2022-06-18,318.232708333333,19.2413025
1194,2022-06-19,312.491666666667,19.406165
1195,2022-06-20,276.800694444444,19.513875
1196,2022-06-21,218.242916666667,19.607585
1197,2022-06-22,155.39125,19.7682575
1198,2022-06-23,319.732013888889,20.07852375
1199,2022-06-24,103.157222222222,20.50797375
1200,2022-06-25,362.977013888889,19.9393025
1201,2022-06-26,311.696597222222,20.078035
1202,2022-06-27,217.500138888889,19.80811375
1203,2022-06-28,104.081944444444,20.35160625
1204,2022-06-29,261.838680555556,19.99310875
1205,2022-06-30,221.106041666667,20.07915125
1206,2022-07-01,153.566944444444,20.21235125
1207,2022-07-02,354.795763888889,19.88028125
1208,2022-07-03,326.479791666667,20.29371875
1209,2022-07-04,147.879513888889,20.4454275
1210,2022-07-05,184.309722222222,20.59591875
1211,2022-07-06,210.552013888889,20.51786125
1212,2022-07-07,207.229861111111,20.10956625
1213,2022-07-08,311.523125,20.53824
1214,2022-07-09,305.924027777778,20.47839875
1215,2022-07-10,267.231388888889,20.58784125
1216,2022-07-11,309.944930555556,20.54436875
1217,2022-07-12,306.239930555556,20.61280625
1218,2022-07-13,239.931458333333,20.8389057142857
1219,2022-07-14,235.413888888889,20.806448
1220,2022-07-15,237.325555555556,20.64758875
1221,2022-07-16,275.933541666667,20.83663125
1222,2022-07-17,329.222361111111,21.01933
1223,2022-07-18,287.149444444444,21.297615
1224,2022-07-19,227.225555555556,21.45448875
1225,2022-07-20,139.601597222222,21.58190625
1226,2022-07-21,126.228156028369,21.71308375
1227,2022-07-22,244.882152777778,21.72385
1228,2022-07-23,99.6743055555555,21.85026375
1229,2022-07-24,218.505347222222,21.7615275
1230,2022-07-25,206.0475,21.61508
1231,2022-07-26,118.811041666667,21.97330375
1232,2022-07-27,155.292482269504,21.8436525
1233,2022-07-28,169.296805555556,21.6760025
1234,2022-07-29,67.3904861111111,21.93765625
1235,2022-07-30,139.611319444444,21.90307
1236,2022-07-31,263.76125,21.5987325
1237,2022-08-01,205.730208333333,21.62598125
1238,2022-08-02,206.17625,21.77429875
1239,2022-08-03,226.7375,22.0204925
1240,2022-08-04,189.245,22.23992625
1241,2022-08-05,180.585694444444,22.7299825
1242,2022-08-06,60.3371527777778,22.25436
1243,2022-08-07,90.3376388888889,21.91032375
1244,2022-08-08,229.0275,21.75372
1245,2022-08-09,311.786805555556,21.82805
1246,2022-08-10,310.356805555556,21.7572257142857
1247,2022-08-11,301.443263888889,21.7848
1248,2022-08-12,315.420625,21.601405
1249,2022-08-13,317.17375,21.6756225
1250,2022-08-14,231.967708333333,21.7369275
1251,2022-08-15,143.331180555556,21.86606375
1252,2022-08-16,228.162777777778,21.6939425
1253,2022-08-17,229.629032258065,21.843545
1254,2022-08-18,121.461388888889,21.7239625
1255,2022-08-19,33.9194444444444,21.56188125
1256,2022-08-20,140.265555555556,21.70006375
1257,2022-08-21,237.950833333333,21.34214
1258,2022-08-22,284.064444444444,21.535535
1259,2022-08-23,280.464722222222,21.56617625
1260,2022-08-24,263.384513888889,21.6143175
1261,2022-08-25,263.598611111111,21.77071
1262,2022-08-26,197.516736111111,21.61485625
1263,2022-08-27,147.348472222222,21.8823675
1264,2022-08-28,175.130277777778,21.58323375
1265,2022-08-29,251.044802867384,21.65137875
1266,2022-08-30,225.928745519713,21.78764625
1267,2022-08-31,97.8103472222222,21.77783
1268,2022-09-01,157.969097222222,21.57141
1269,2022-09-02,226.13125,21.3669375
1270,2022-09-03,159.465694444444,21.5579675
1271,2022-09-04,225.044236111111,21.47893
1272,2022-09-05,189.531736111111,21.52766
1273,2022-09-06,97.7195138888889,21.53453
1274,2022-09-07,163.594027777778,21.4990375
1275,2022-09-08,188.16498245614,21.3331025
1276,2022-09-09,164.302152777778,21.16255375
1277,2022-09-10,112.590833333333,20.85793125
1278,2022-09-11,232.670833333333,20.8699475
1279,2022-09-12,233.99625,20.8117325
1280,2022-09-13,187.829583333333,20.835495
1281,2022-09-14,75.6179861111111,21.02386
1282,2022-09-15,64.7794444444445,20.79448875
1283,2022-09-16,68.4507638888889,20.48899375
1284,2022-09-17,134.509318497914,19.857965
1285,2022-09-18,174.032569444444,19.60855875
1286,2022-09-19,207.969097222222,19.211875
1287,2022-09-20,204.343194444444,19.02848375
1288,2022-09-21,212.000625,18.77677875
1289,2022-09-22,210.880486111111,18.525005
1290,2022-09-23,176.863888888889,18.3982975
1291,2022-09-24,63.3075694444444,18.548465
1292,2022-09-25,52.7317581653926,18.46119375
1293,2022-09-26,111.640280701754,18.1973425
1294,2022-09-27,82.1096546863989,17.8154
1295,2022-09-28,32.4520194986072,17.34117125
1296,2022-09-29,63.7543055555556,16.96221125
1297,2022-09-30,74.0075694444444,16.76763125
1298,2022-10-01,25.9027777777778,16.5318725
1299,2022-10-02,98.7609722222222,16.33301125
1300,2022-10-03,118.077569444444,16.2678875
1301,2022-10-04,151.837847222222,16.29024625
1302,2022-10-05,189.939097222222,16.22176375
1303,2022-10-06,175.209375,16.3401425
1304,2022-10-07,113.298263888889,16.198605
1305,2022-10-08,42.4140277777778,16.36357875
1306,2022-10-09,52.6479166666667,16.12678875
1307,2022-10-10,105.697638888889,16.02170125
1308,2022-10-11,136.114305555556,16.05025875
1309,2022-10-12,45.9322222222222,16.03642
1310,2022-10-13,90.2619444444444,15.97384875
1311,2022-10-14,53.5444912280702,15.989425
1312,2022-10-15,90.0897222222222,15.9995475
1313,2022-10-16,151.022847222222,16.08638875
1314,2022-10-17,145.597222222222,16.09538125
1315,2022-10-18,135.792569444444,16.06401
1316,2022-10-19,101.433472222222,16.01899375
1317,2022-10-20,64.0022222222222,15.953245
1318,2022-10-21,35.0226388888889,15.99705375
1319,2022-10-22,142.671041666667,16.04449
1320,2022-10-23,84.9161111111111,16.0377725
1321,2022-10-24,21.3189583333333,15.980115
1322,2022-10-25,124.796944444444,15.822175
1323,2022-10-26,117.762569444444,15.84840875
1324,2022-10-27,130.111180555556,15.87292375
1325,2022-10-28,80.9911111111111,15.83021625
1326,2022-10-29,108.670763888889,15.74833
1327,2022-10-30,71.8536805555556,15.6434114285714
1328,2022-10-31,84.9479861111111,15.54606875
1329,2022-11-01,59.3438888888889,15.444495
1330,2022-11-02,50.1139583333333,15.3564775
1331,2022-11-03,39.1682960893855,15.1837614285714
1332,2022-11-04,62.4742361111111,14.92843625
1333,2022-11-05,39.5569444444444,14.67290875
1334,2022-11-06,68.1113684210526,14.39634875
1335,2022-11-07,122.954047619048,14.188305
1336,2022-11-08,71.7062222222222,13.9933366666667
1337,2022-11-09,24.8809589993051,13.7873
1338,2022-11-10,95.6414583333333,13.7260625
1339,2022-11-11,66.1802777777778,13.60239
1340,2022-11-12,47.2495833333333,13.4949575
1341,2022-11-13,16.3439583333333,13.3462325
1342,2022-11-14,27.8257638888889,13.1433325
1343,2022-11-15,49.3994444444444,12.9663925
1344,2022-11-16,76.8527083333333,12.8622625
1345,2022-11-17,60.916399162596,12.7462525
1346,2022-11-18,42.1422594142259,12.5887675
1347,2022-11-19,64.1714583333333,12.41674
1348,2022-11-20,65.6573136427567,12.24014
1349,2022-11-21,67.5974982626824,11.9378475
1350,2022-11-22,30.9108333333333,11.777005
1351,2022-11-23,84.958019525802,11.564535
1352,2022-11-24,59.2262617621899,11.349
1353,2022-11-25,32.0682926829268,11.1381475
1354,2022-11-26,83.0135416666667,11.0140525
1355,2022-11-27,53.2824305555556,10.8761125
1356,2022-11-28,40.7881081081081,10.7189033333333
1357,2022-11-29,19.2093333333333,10.59013
1358,2022-11-30,13.1201388888889,10.49159
1359,2022-12-01,8.66520833333333,10.2877675
1360,2022-12-02,23.0292907801418,10.0683175
1361,2022-12-03,27.8279166666667,9.7998945
1362,2022-12-04,15.1414583333333,9.5644895
1363,2022-12-05,25.1076388888889,9.404324
1364,2022-12-06,66.7876388888889,9.22229575
1365,2022-12-07,14.8955555555556,9.10735925
1366,2022-12-08,39.5541666666667,8.93119375
1367,2022-12-09,17.9867361111111,8.72427125
1368,2022-12-10,11.0536111111111,8.52295425
1369,2022-12-11,70.6654861111111,8.2724225
1370,2022-12-12,25.3418055555556,8.01464775
1371,2022-12-13,35.9249305555556,7.668148
1372,2022-12-14,32.2527816411683,7.46006675
1373,2022-12-15,16.0581944444444,7.363866
1374,2022-12-16,22.0488517745303,7.1704225
1375,2022-12-17,27.7445138888889,7.00889425
1376,2022-12-18,27.4051388888889,6.84597525
1377,2022-12-19,47.0029166666667,6.73475
1378,2022-12-20,38.2158333333333,6.6314825
1379,2022-12-21,9.89756944444444,6.644222
1380,2022-12-22,40.1163307852676,6.64961275
1381,2022-12-23,10.7038220986796,6.685648
1382,2022-12-24,13.1240250696379,6.753426
1383,2022-12-25,25.8452777777778,6.73946475
1384,2022-12-26,15.568362369338,6.738486
1385,2022-12-27,28.2569444444444,6.73352125
1386,2022-12-28,69.8960416666667,6.70347875
1387,2022-12-29,28.3712595685456,6.652627
1388,2022-12-30,43.6954829742877,6.6562605
1389,2022-12-31,54.9155797101449,6.668514
