,Julian day,PhyBiom,Sw,ZooBiom
0,72.0,0.0,,0.0
1,73.0,0.0,,0.0
2,74.0,0.0,,0.0
3,75.0,0.0,,0.0
4,76.0,0.0,,0.0
5,77.0,0.0,,0.0
6,78.0,0.0,,0.0
7,79.0,0.0,,0.0
8,80.0,0.0,,0.0
9,81.0,0.0,,0.0
10,82.0,0.0,,0.0
11,83.0,0.0,,0.0
12,84.0,0.0,,0.0
13,85.0,0.08829921885768073,5388.677645798787,0.10717580038692659
14,86.0,0.12613880966830002,6194.996465048912,0.09709739400494749
15,87.0,0.05829723002845536,5391.605711868365,0.08509229182368419
16,88.0,0.07883101738761789,4697.5729759991345,0.07668687085650329
17,89.0,0.27297401928758636,3656.66049172207,0.09843149423732968
18,90.0,0.35801683245140503,4206.518145173809,0.06711906027411002
19,91.0,0.13541385456623894,4304.409622887012,0.08435907996611802
20,92.0,0.1847891644333936,6139.193704313634,0.08209702053162062
21,93.0,0.14815113137821137,10588.523337228977,0.1012107445205318
22,94.0,0.06210708232040927,4178.632232789555,0.09908339431520523
23,95.0,0.12532193117754156,6221.780382149712,0.09698545689686755
24,96.0,0.08897114620707934,14431.557285079984,0.0726597244917278
25,97.0,0.061386334542859196,6945.078860607909,0.09642588838771053
26,98.0,0.07448993719273037,3978.4309171572827,0.0534818724018393
27,99.0,0.08303416449416558,14021.576170490642,0.057000403399906696
28,100.0,0.11076945486164204,4764.091601202225,0.05196185602728027
29,101.0,0.0859621443456522,4257.741848989726,0.03891587028920217
30,102.0,0.07581014446135026,13212.467348104527,0.06166706872832649
31,103.0,0.04166779902915317,7358.145934941471,0.04693891282814616
32,104.0,0.04301386964719529,6037.792105671665,0.04412094146995784
33,105.0,0.049446629185836644,3552.3206361103644,0.08332932197968296
34,106.0,0.042458408983798115,13595.900402716863,0.1344244302441952
35,107.0,0.04910843991368103,3444.722192212904,0.05216166626956013
36,108.0,0.04162559957426324,19989.620866718367,0.046294396031972884
37,109.0,0.02322783415708521,11649.725755288851,0.09540902676349315
38,110.0,0.02324454474015744,408727.0366443569,0.03776010072481454
39,111.0,0.015714753763568255,453230.93630814727,0.04230633380058278
40,112.0,0.014961543705902072,29002.811398673588,0.06995894689684581
41,113.0,0.010730909122155127,26354.623523787814,0.11031775330205236
42,114.0,0.006843188686749185,11929.840622973496,0.14289945150365638
43,115.0,0.01040306479727907,24394.951438270884,0.18380181141308716
44,116.0,0.012586796365604527,8476.849553952394,0.15362793690773996
45,117.0,0.010010002110089258,16657.189148490543,0.061667285725039815
46,118.0,0.012655323849696117,8086.25440421418,0.10198622048770727
47,119.0,0.013038894210930685,12640.182189698482,0.12397779540375387
48,120.0,0.010765188564656082,4512.300624392647,0.04692375393817885
49,121.0,0.00576696176769357,14961.169884352259,0.13472507169689352
50,122.0,0.005981832056977559,311062.63229522674,0.1640123165988191
51,123.0,0.005581689042068845,26370.958548987284,0.13056926833743754
52,124.0,0.007442507661017657,218556.5377712446,0.09571686651641609
53,125.0,0.006291028769482375,3291.9629511474072,0.11273446903432853
54,126.0,0.009303499967917522,22560.838298858507,0.0795656706395341
55,127.0,0.008749746536133307,18945.7354240663,0.10476515512297185
56,128.0,0.009253557504381272,48196.26520270838,0.07907782170022017
57,129.0,0.009359026678184163,15921.612465331697,0.13258548036399515
58,130.0,0.009725818395200059,3265.809303721033,0.13241887970263208
59,131.0,0.011556333041498454,11408.776949427527,0.15401525885165968
60,132.0,0.010863267079252876,23729.929293228364,0.08986633821644334
61,133.0,0.013379675434877608,21336.50793759499,0.09989090588341447
62,134.0,0.013739637090859798,33342.13134721991,0.10577007953054615
63,135.0,0.014133867471840852,36101.470973590694,0.09767272735300553
64,136.0,0.01577091140853842,17619.694925938555,0.1399615138295948
65,137.0,0.02020554627308464,18895.19522476335,0.07873142993005476
66,138.0,0.019888620346977005,14135.765440758301,0.0593449569483261
67,139.0,0.016035098249400172,77103.68526852125,0.10947275952990473
68,140.0,0.024980599748065543,46191.04309397282,0.054857454862610795
69,141.0,0.021674611865978917,250142.18700036337,0.15086084577879766
70,142.0,0.01685694529541889,8503.855101869274,0.05175395823960071
71,143.0,0.021722943658403954,12288.121523664038,0.05821361409615122
72,144.0,0.021801190936757895,9579.660150957925,0.13229027079184055
73,145.0,0.02343154969243443,6575.926198052256,0.09936817064244464
74,146.0,0.045215653537297326,63628.49801501182,0.06255277004069322
75,147.0,0.036725260366466894,9453.147609575575,0.06853701109344366
76,148.0,0.04455902684845798,2422748.825641817,0.13117729523673669
77,149.0,0.02911242321195001,78932.04468423332,0.11147953096575054
78,150.0,0.024766015284461353,702491.9303472776,0.15790785973749216
79,151.0,0.02649496652807544,245754.2297304551,0.10939275423869378
80,152.0,0.02783676102506091,457888.4135484953,0.18324840979324258
81,153.0,0.02134091567112698,891919.9329224097,0.11309492404102223
82,154.0,0.03633649651421232,3270396.1674099606,0.19939911916342862
83,155.0,0.04196840110235075,3594200.668609422,0.26597265966242806
84,156.0,0.05368242862735974,3405956.651982506,0.2612483618774012
85,157.0,0.06301386474292305,3915688.871719356,0.26638921150119027
86,158.0,0.09714231626148387,5168631.357201288,0.2024744949379238
87,159.0,0.149899530101623,6877836.017153976,0.21821086971217848
88,160.0,0.12988040781711932,6159463.214864304,0.3897479924632825
89,161.0,0.1210592455801472,5112396.751286972,0.206661148614731
90,162.0,0.14050681644252117,5415647.975798716,0.1851941461914511
91,163.0,0.10888583438571109,4953615.3076798,0.14920377067613014
92,164.0,0.1275637405284339,5082237.321996758,0.1347630120799828
93,165.0,0.16781345489108482,4812076.090815489,0.23068685122307742
94,166.0,0.1209128305969297,3712397.2096130373,0.19585122270034214
95,167.0,0.11866588312308567,2943235.468880796,0.16111890516968932
96,168.0,0.14250737643171335,3020701.3228674093,0.1988257614087291
97,169.0,0.12593526914453557,1962828.947267773,0.08025970970202354
98,170.0,0.1910219091047977,2545457.6678888826,0.19273333809693388
99,171.0,0.252870263228647,2454507.030550158,0.17652661428313832
100,172.0,0.2013145113415775,2073544.1838866535,0.18515667920721635
101,173.0,0.11304393953442216,1327215.999563989,0.11614064719652695
102,174.0,0.15301066765587648,1353044.493422421,0.09111623381143906
103,175.0,0.13099814157440992,1261690.1463299866,0.160459898208473
104,176.0,0.1604834251424858,1170996.9083511466,0.11397246183409138
105,177.0,0.16125375585401133,1011648.9028722582,0.10430554316958754
106,178.0,0.06669967886873913,757500.2334370856,0.13009554632178333
107,179.0,0.06252807184440193,757890.3180518051,0.16027520302208104
108,180.0,0.02288528900473636,647085.9266965515,0.2448993684941423
109,181.0,0.013170948827049837,713867.9758061018,0.1400603910715653
110,182.0,0.00464262636395999,692058.4208252626,0.14970222840535122
111,183.0,0.006543261268230745,635667.0878685081,0.08806686586698001
112,184.0,0.009683861204101333,854036.6544003685,0.13419886109014756
113,185.0,0.0166293253245012,1509987.2235161935,0.15162657736709292
114,186.0,0.012524428206520107,2087405.8157785165,0.2434292629301062
115,187.0,0.00945992131159493,2074006.735794846,0.21776321165924453
116,188.0,0.006193199762976593,2013335.9835001219,0.14450129167400977
117,189.0,0.006863642921773821,2006269.0302149581,0.10151410947133317
118,190.0,0.015008245427060743,2193258.879524745,0.1188176056625827
119,191.0,0.020225230471255372,2327590.8854589597,0.11301194267230079
120,192.0,0.014056850894530968,2317183.2851718497,0.15137337436398726
121,193.0,0.020811816691662783,2797783.2534425072,0.11055327546796899
122,194.0,0.03255115131096518,2940897.3836925398,0.07636479212815794
123,195.0,0.0382482945947607,2915060.515555815,0.12521603500913242
124,196.0,0.044920160225928984,3359891.537445378,0.12602399964423136
125,197.0,0.07307304815624113,3659527.073576715,0.10034510945267393
126,198.0,0.10115547402160055,3444006.811189879,0.11562676505420734
127,199.0,0.1720623989920403,3586032.7057946282,0.12423857913706232
128,200.0,0.15667056561644202,3529085.3363933666,0.1882499426713829
129,201.0,0.15855249710135422,3133966.269547738,0.1052490310027883
130,202.0,0.144550120479388,2513976.54563948,0.0540607746630011
131,203.0,0.004747149491562247,1265.0002578341096,0.005396281497326873
132,204.0,0.004375586289326692,1391.503565292618,0.006578828241829237
133,205.0,0.24164449937934118,1646556.95689872,0.09619620447941177
134,206.0,0.2767947175134746,1545822.7563341907,0.11640514444291199
135,207.0,0.1619763900364979,1684825.7848522442,0.09243864662051804
136,208.0,0.003399901158855834,1614.2501674690684,0.0052792505581939365
137,209.0,0.12468193009253961,1563748.5663872955,0.07957371899585024
138,210.0,0.13215340328125985,1711903.3483644042,0.08940672622582656
139,211.0,0.0037936267774873267,1728.9930987341722,0.005985445409474003
140,212.0,0.0034529211089231473,1780.5873216621646,0.01822736385478182
141,213.0,0.0031942864003785343,1726.214462334313,0.010246062153120197
142,214.0,0.005594014751921685,1743.5545195021189,0.00823073396316538
143,215.0,0.005190750530939024,1695.1714923009927,0.012319762536168481
144,216.0,0.0064288609619556625,1765.2253030120544,0.0074433515184885715
145,217.0,0.0036770445295147775,1646.6473835895483,0.00566875915563247
146,218.0,0.004507425939628037,1647.4847737185783,0.009449592674806722
147,219.0,0.0,,0.0
148,220.0,0.0,,0.0
149,221.0,0.0,,0.0
150,222.0,0.0,,0.0
151,223.0,0.0,,0.0
152,224.0,0.0,,0.0
153,225.0,0.0,,0.0
154,226.0,0.06865624348256345,1238557.5530766118,0.10105872199646815
155,227.0,0.11286532228374195,1826269.3119422374,0.09736395718690125
156,228.0,0.09836869683879576,2276785.693861222,0.061374084294344725
157,229.0,0.1467833031247399,2194159.965663273,0.09614883204139454
158,230.0,0.1617528116588029,2351019.2004471538,0.048874573498427956
159,231.0,0.1585274308405297,2206699.8626837707,0.07874744280510484
160,232.0,0.12776238777587687,2164573.9987505623,0.11185831534341445
161,233.0,0.18583781359832688,2233686.408531616,0.06667912188869435
162,234.0,0.18479522952059807,1860371.4637210083,0.09605956369911085
163,235.0,0.24836846248312602,2064802.167088037,0.11872257084025364
164,236.0,0.34932260475233473,1992084.1759872127,0.12822609405255755
165,237.0,0.0,,0.0
166,238.0,0.0,,0.0
167,239.0,0.16710574228001684,1308534.2560308666,0.15481736708110433
168,240.0,0.12665917989078482,1027987.5128296893,0.17987004156219383
169,241.0,0.09508348002807274,739573.2510455932,0.15797762430945184
170,242.0,0.07461250538584674,660048.0624158575,0.15761848769793876
171,243.0,0.0615890163305772,618794.900859983,0.2090146701967564
172,244.0,0.03992942100191032,565203.9610538711,0.14093716769466716
173,245.0,0.033630197860672895,561695.0285909097,0.15366087491035313
174,246.0,0.030741816888627517,464072.774160754,0.19070955021234076
175,247.0,0.03238439115926431,455592.41898505867,0.22554611793380258
176,248.0,0.023184233274149764,382336.2615447044,0.1856375053902992
177,249.0,0.016751828857737374,382602.49077921046,0.13226772352953242
178,250.0,0.014577068524417824,345572.2858162788,0.17111926960985246
179,251.0,0.012466408131765286,406114.28269937343,0.13809422583770867
180,252.0,0.012759769623371463,384802.16271803,0.11147271474194001
181,253.0,0.013614399915358465,568459.8887198347,0.10957461629050463
182,254.0,0.015441636621664815,547527.3861675833,0.14992357174729232
183,255.0,0.018230669765378522,759955.05010661,0.10948923172221162
184,256.0,0.020849883283903733,453541.23828796856,0.1484481446771766
185,257.0,0.01906736561046719,209844.0566917302,0.17488167405066393
186,258.0,0.02350183003968704,939056.3571070287,0.1478570729626515
187,259.0,0.023331419991281535,1294021.013602808,0.16524375081696038
188,260.0,0.021534559917505976,333286.1652217493,0.10404904406195273
189,261.0,0.02671932068349679,3079569.796937413,0.18096489939791022
190,262.0,0.028158195623968648,2625374.281903369,0.1683181592844711
191,263.0,0.02942978264886431,3049059.5611184663,0.1610328923559042
192,264.0,0.03310596581343852,3211150.8635872565,0.09347455316859903
193,265.0,0.03821004085743546,5247463.891092465,0.09120958390931536
194,266.0,0.06375587013081573,6214617.421373968,0.14565605824559885
195,267.0,0.05606139995310869,6123745.592282696,0.12941012521012246
196,268.0,0.03298003208547899,4906975.456771299,0.1444193955777792
197,269.0,0.03805598655607087,5239206.509288201,0.13399119108536103
198,270.0,0.04465534848407302,5458715.552823925,0.14548039719459296
199,271.0,0.027447945664313127,4688292.814344882,0.1527494021379152
200,272.0,0.029547765274127166,5260492.235802676,0.16663954571771203
201,273.0,0.035637494189852174,5965652.282688984,0.22409200380422017
202,274.0,0.03309120786185098,5705530.367679217,0.12131858946971483
203,275.0,0.047469989034152345,6279945.241960173,0.1153790529528111
204,276.0,0.03452039604174136,5051229.835967153,0.1043734017949774
205,277.0,0.04624970489986309,5143943.50885754,0.12179359892892082
206,278.0,0.04709622865325872,5164894.674711952,0.13508245813743486
207,279.0,0.03521232914270636,4193258.620326789,0.156357824642648
208,280.0,0.03832598135363562,4234210.023447611,0.13984119155644842
209,281.0,0.03949407251459649,4032099.529222703,0.129439591505778
210,282.0,0.0523628633696766,4560096.816004261,0.07508555380304408
211,283.0,0.03319406715516715,3611639.2637550686,0.106141591837289
212,284.0,0.045151033002130254,3459903.687230905,0.13320401482219144
213,285.0,0.049923100713718055,3002487.815406259,0.0846369591676373
214,286.0,0.062005509179593125,3243844.4946637508,0.09384502636982775
215,287.0,0.05296267865885988,2567862.903128312,0.056768874723283555
216,288.0,0.041115234299728014,2859196.9477121537,0.08841460814373167
217,289.0,0.05229455661043182,3333500.837003348,0.06163103851209515
218,290.0,0.04585162085966258,2504147.6626375294,0.08792978844270835
219,291.0,0.04863895385025713,3153753.8922305717,0.10297032198574549
220,292.0,0.053930983127728635,3461126.832831211,0.1524831426690657
221,293.0,0.03602442866971049,3096148.2208622056,0.14081899753562235
222,294.0,0.03447366895687628,2682015.726016025,0.13203841147877618
223,295.0,0.03089371296904723,2912177.590447792,0.1006642439298871
224,296.0,0.03136640961130709,2986482.41417197,0.11251019448486384
225,297.0,0.0250243275204513,2842385.715127423,0.11755429283462372
226,298.0,0.03362163960885509,3207637.647508317,0.19665779338533695
227,299.0,0.030424014796963127,3377188.4134685146,0.12301551144604511
228,300.0,0.04298802308260793,4144328.846026421,0.12637564941467216
229,301.0,0.04526346185046091,4050561.085360718,0.11154977510369703
230,302.0,0.02648531565157512,3064993.731721159,0.1181826415723882
231,303.0,0.030292843384410198,3168747.8602181934,0.15333366407384932
232,304.0,0.014189498971094509,2674917.996504952,0.14282722172544246
233,305.0,0.012206026743334266,2019789.0879701362,0.14936498631265455
234,306.0,0.011783322331743609,1619541.9028642203,0.11705550373572755
235,307.0,0.007770193674171601,1380674.2821590602,0.14797101960668124
236,308.0,0.007351574084262052,1297229.408226921,0.19345399180954992
237,309.0,0.00794808151994192,794063.7193985333,0.16511604230678678
238,310.0,0.00888496054333769,1100249.9771577707,0.16282391968342372
239,311.0,0.006984402328817608,423946.8625808567,0.12670692705041522
240,312.0,0.006516475933110522,108713.24809242223,0.13322127351916624
241,313.0,0.008955467904800578,357517.9327535741,0.09916010974077184
242,314.0,0.009138079377515583,268325.47903190186,0.13827119978793792
243,315.0,0.009236086833084899,441973.94997717,0.11034433610012044
244,316.0,0.011293106074930186,358463.29412342265,0.09482466956371079
245,317.0,0.009377110110093081,322445.5944376772,0.08090514542408433
246,318.0,0.009766783401289942,286931.3315018039,0.09734840962914333
247,319.0,0.012435036575856977,174839.21629616982,0.1274301848451496
248,320.0,0.009105610781252839,217821.71884731916,0.1075607215650534
249,321.0,0.013780718161773686,438960.67100586894,0.1396144858000502
250,322.0,0.0087958684802621,117252.86180757574,0.11004232843771412
251,323.0,0.013217789119718248,135397.4058313887,0.08544607163584156
252,324.0,0.01099206798080167,90550.7410999303,0.09560177724823526
253,325.0,0.014099627176155384,188131.33490843378,0.10231020630493168
254,326.0,0.01665737523377721,69863.5205926579,0.10795932071261778
255,327.0,0.014021132135824819,68017.7276815425,0.09031526957793674
256,328.0,0.017013558434429144,212169.8173744423,0.12765394148286147
257,329.0,0.017725683030822274,107477.81025586942,0.15458754930777507
258,330.0,0.023105387321363812,156942.6924810099,0.10819540929634955
259,331.0,0.016658024305775614,185170.81266131107,0.13579422446946923
260,332.0,0.01944364265048153,315467.13799943076,0.12611164234386502
261,333.0,0.015209801979787838,118558.64350148072,0.1495151507615821
262,334.0,0.01584660787525788,132586.63205853757,0.09404417945014709
263,335.0,0.011880717761651973,231221.10378306502,0.07150699090367921
264,336.0,0.010400524218710707,223122.93459778943,0.09245080022095255
265,337.0,0.0075493017788832,189882.51055545223,0.1227798422177736
266,338.0,0.00705544827626682,86166.95434653645,0.08689392996386221
267,339.0,0.009331574521646258,211061.35665428246,0.09571111461763383
268,340.0,0.00990001825476297,289683.1608191917,0.15318209382281398
269,341.0,0.00916753346346548,143496.27111432486,0.06685267832893316
270,342.0,0.00886576416490632,232209.33004633195,0.07912831805486258
271,343.0,0.007886850984948637,523159.98666553013,0.08805637824436514
272,344.0,0.006645685589027163,207421.91578891125,0.11957366623132504
273,345.0,0.005911568089411648,368216.43251030694,0.09449674696498117
274,346.0,0.004991266276335193,102179.97477533488,0.043106233289435025
275,347.0,0.004075313692353697,113166.45661744692,0.08790121443676335
276,348.0,0.004334155634514517,244997.29528016213,0.07985585737886733
277,349.0,0.004141450542518124,322121.7168699033,0.12480973308899201
278,350.0,0.004650173188866644,187444.78509813378,0.09967460389885491
279,351.0,0.004108071783525384,223108.84946602484,0.08425000625635769
280,352.0,0.005306123193501047,611819.2005809402,0.07084341864779066
281,353.0,0.004601064932807564,271649.58797480265,0.21941827375191544
282,354.0,0.003109148967705657,384085.5127562093,0.14124285564471833
283,355.0,0.0033975547935001203,214190.48554681282,0.07568425283997401
284,356.0,0.0036863349787234463,620848.2470807438,0.08727419076298885
285,357.0,0.002380329775061987,78555.20177027861,0.08845549890660154
286,358.0,0.002975881538618829,289286.924816824,0.08282361017628018
287,359.0,0.0021492033954246766,91606.12555475603,0.11994302720294173
288,360.0,0.0025600991501399497,152460.97817029204,0.08594640677979555
289,361.0,0.002218578391882804,210741.77561102386,0.12067475478018133
290,362.0,0.0027649067406010936,189497.89093415905,0.09992143017267432
291,363.0,0.0020523615043519404,158199.61380233328,0.09046211461237934
292,364.0,0.0023349116141402537,158287.5493534182,0.07842277946050011
293,365.0,0.0025720470830734223,305047.90309820964,0.06551280372212546
294,1.0,0.0019331793555722868,126218.1831155277,0.08595141484107784
295,2.0,0.0018737201103803927,81151.10834539312,0.06882830939292896
296,3.0,0.001503224145940463,4237.864858762996,0.05221749388350052
297,4.0,0.0019691584354661214,85133.87990991726,0.06857362219979067
298,5.0,0.0019424760507442398,191281.03824089162,0.0389869109515793
299,6.0,0.002163266317473036,87327.1846540833,0.051299153201677036
300,7.0,0.0,,0.0
301,8.0,0.0,,0.0
302,9.0,0.0,,0.0
303,10.0,0.0,,0.0
304,11.0,0.0,,0.0
305,12.0,0.0,,0.0
306,13.0,0.0,,0.0
307,14.0,0.0,,0.0
308,15.0,0.0,,0.0
309,16.0,0.0,,0.0
310,17.0,0.0,,0.0
311,18.0,8.101275925685029e-05,923803.0744243613,0.04627547689914166
312,19.0,0.0,,0.0227134471528961
313,20.0,5.706701643034842e-05,620384.4869816791,0.02746434216295326
314,21.0,0.00013672024231814166,913510.0615249103,0.036326792390100664
315,22.0,0.006257649758594119,37356.62429547449,0.05240102258116595
316,23.0,0.005935257865468141,28594.48004189637,0.03988228758970472
317,24.0,0.006834519360210755,9434.010876863425,0.04661580332230134
318,25.0,0.005427244240723559,35545.85639605472,0.026677730306427568
319,26.0,0.00951790599895537,18360.401383338114,0.03238153677114793
320,27.0,0.010065489052787901,10219.514323873198,0.039348719581468995
321,28.0,0.007041747093875397,14187.314857076335,0.038269454842465855
322,29.0,0.005973028426988572,36581.42983007627,0.03866532124146645
323,30.0,0.0086055069172321,48510.11542488376,0.020137243215824108
324,31.0,0.013725059052727131,10236.571828688708,0.07992245488475151
325,32.0,0.01567565527134862,11816.447913554332,0.04362991594114788
326,33.0,0.008974545066969833,13420.637726615036,0.04839676899433684
327,34.0,0.01006070060626383,6807.9723678965765,0.054154826086968755
328,35.0,0.008249900669775196,6657.406490212748,0.038744865303504086
329,36.0,0.010851910917744557,6581.160877317261,0.026603265970003155
330,37.0,0.013906851948348148,92153.5501564314,0.014470111575610383
331,38.0,0.013268254625883654,7531.431859426716,0.02132567494501498
332,39.0,0.015626477309979372,9288.604794669413,0.02096380313050751
333,40.0,0.0172300127862916,25971.440964265064,0.03637482216513488
334,41.0,0.012178997419594426,34010.722903115915,0.06215527480558701
335,42.0,0.017543929349838096,314358.91394691024,0.0459651181840805
336,43.0,0.020050269962182017,12089.308061299447,0.0343206108143361
337,44.0,0.020450081045178935,118155.29642073033,0.027193492425566457
338,45.0,0.02326964565992796,258312.9997331677,0.0474084636463671
339,46.0,0.02740792261437194,18152.610241967435,0.022172966353690732
340,47.0,0.03247216187928918,247262.06506171304,0.03487826328986528
341,48.0,0.03330447502415459,11053.284383961269,0.04074699326945351
342,49.0,0.03720234060862181,25388.98308169516,0.036841838537901316
343,50.0,0.040442861492803114,13784.028170635025,0.028238914616914086
344,51.0,0.04331407193911446,1733195.8541899116,0.024570837047404592
345,52.0,0.05611347284730192,13193.682060879897,0.02519248177921516
346,53.0,0.05977894567024153,12430.099909979874,0.029091429032481877
347,54.0,0.07408190745430986,113155.49001332717,0.06701178973499626
348,55.0,0.09307035466385209,12590.072823915367,0.02752613199875839
349,56.0,0.09767521583118555,14423.473619185042,0.022845049701938146
350,57.0,0.1328891074266931,20668.505948836057,0.020608331586292224
351,58.0,0.12306862032532484,11893.974107863463,0.031326104377093114
352,59.0,0.18300577194584416,12790.565010788701,0.023312396481328143
353,60.0,0.19682766832594714,19222.663437919935,0.035931052305019896
354,61.0,0.20423595972315578,16271.015566274365,0.06478280294329575
355,62.0,0.24302534748548993,12064.93439312236,0.07980898899017597
356,63.0,0.2966640878345494,15659.402380151956,0.06368484961307158
357,64.0,0.2870108972365581,14170.231150041183,0.06031533543883305
358,65.0,0.21340654788675226,21357.78825014241,0.06728119416658443
359,66.0,0.27478273077531534,57890.539055576766,0.07952319857883504
360,67.0,0.3055351112158016,16075.847061762905,0.0778732614094402
361,68.0,0.27276587052727275,14977.72090226504,0.08441171347136561
362,69.0,0.11863544419089364,15920.85792123446,0.07371335917997963
363,70.0,0.08568990092644238,14676.259726894874,0.09088875817939429
364,71.0,0.09363637797202291,16199.820872438042,0.09176297137736612
365,72.0,0.04060973097116638,14169.776488686366,0.08448867508847799
366,73.0,0.05508042894867186,16080.163264813998,0.110391429870234
367,74.0,0.01673357193059898,9737.946119334152,0.09743844156071221
368,75.0,0.014843843427067165,7888.3849938162675,0.10761700550011735
369,76.0,0.009696285791081716,19598.5863206793,0.08339056302385858
370,77.0,0.006952490100962839,42599.41389637104,0.050623368076572105
371,78.0,0.009618193761893885,10513.373378379216,0.033959577051257975
372,79.0,0.01018566377645449,11198.776655099602,0.08017015879540292
373,80.0,0.014822266968737691,16167.231652324372,0.030558617759547706
374,81.0,0.019079190216991646,30794.79871583968,0.08171074423970823
375,82.0,0.001966105841698173,6556.5090113234555,0.09153167485603717
376,83.0,0.004497613469965537,13694.96102233135,0.09694230030969675
377,84.0,0.003978580778869511,25610.73573792063,0.09913581300399602
378,85.0,0.006473847243562219,25326.04573659682,0.046750153965754715
379,86.0,0.00988656038205025,34029.01613873934,0.050988818208014236
380,87.0,0.018246411335888977,11965.839201507182,0.06243836272962242
381,88.0,0.0563264752432534,30944.744567584894,0.1308590425795009
382,89.0,0.03815802946609412,14459.875313669452,0.0733733571320664
383,90.0,0.004967544703018977,14308.067931746247,0.07853194500081928
384,91.0,0.014515375268049137,55953.344123158626,0.14650422205669103
385,92.0,0.02624688450424066,13291.070064113801,0.12584147012841584
386,93.0,0.04468786024829653,12798.122604100041,0.11747328794596165
387,94.0,0.03279891619141003,13449.764520189256,0.13635150925248019
388,95.0,0.03099689473165495,63939.81615277254,0.0976280874966628
389,96.0,0.09679862958339701,19496.856585201025,0.09480892013350167
390,97.0,0.1273174092703271,21468.089248202257,0.09145603483927678
391,98.0,0.1657875068648632,10177.370794051174,0.08827760459413811
392,99.0,0.07676664004094286,15606.623306437847,0.07959222674212948
393,100.0,0.06152859760002742,65946.78995041041,0.13818436906496123
394,101.0,0.07148532660577493,17546.126029388,0.03441786622023192
395,102.0,0.07952369830025263,232761.1670023814,0.10442333875340168
396,103.0,0.05695380127292734,97209.2360685679,0.17865867342657687
397,104.0,0.04413913196406676,55235.27249966472,0.1744324464786369
398,105.0,0.041271357935479105,20123.436152267008,0.09856205742506598
399,106.0,0.05846116118416569,8431.392859924625,0.36301999882176833
400,107.0,0.05063366113522606,5086.613724653168,0.25773432960188364
401,108.0,0.039509539889267094,31266.189648295815,0.3138953481319185
402,109.0,0.03882292701495003,3646.58222786767,0.30362286191691845
403,110.0,0.0441954724695996,4877.316438312105,0.33569023261636105
404,111.0,0.052752585215241475,5605.226776151717,0.40042184346139004
405,112.0,0.0434667623317707,7934.504937885698,0.31650150928795123
406,113.0,0.04313132122786886,28491.215419880853,0.3868570526338728
407,114.0,0.028328370682425587,3497.952058334813,0.2741031234125731
408,115.0,0.01936413862252481,3416.2730025600704,0.4577230700582852
409,116.0,0.014843272722951722,11301.690921710906,0.21380117414826713
410,117.0,0.0164018600171676,3407.471676531481,0.34883827397473544
411,118.0,0.008467763038982461,189330.0256597486,0.30248652646153573
412,119.0,0.009509432581596651,7508.571666103856,0.2150129494678396
413,120.0,0.010087537423056655,32253.68790176728,0.3156831898940502
414,121.0,0.010060170148314921,9842.050362664286,0.2662935948992014
415,122.0,0.013447066209897532,9442.602305109129,0.4160108933992465
416,123.0,0.013145392274520518,1596842.9754701895,0.3070641594430661
417,124.0,0.014097399460777215,11092.50711695142,0.24304035389334233
418,125.0,0.015317440761661418,36666.22363370153,0.2605241364257781
419,126.0,0.024622396193138427,23813.704214432033,0.2209091960129786
420,127.0,0.01956867654845283,8179.9962080500845,0.11548541884708094
421,128.0,0.014144781761881242,26307.0082541071,0.1345744608491347
422,129.0,0.010404327183689447,40712.1280511341,0.18285167275364617
423,130.0,0.006764829850332415,35000.17270915658,0.11264234925718378
424,131.0,0.012044140009824268,9945.929307527611,0.19851259925936884
425,132.0,0.020691517694562914,17562.63321784743,0.190446253569102
426,133.0,0.01993895401872018,9370.132546951709,0.2537234626906779
427,134.0,0.021597149351106827,16704.472548540645,0.14273900026828942
428,135.0,0.030090165125658194,11830.452171583134,0.11682031181077976
429,136.0,0.024402725252585817,26498.44285753134,0.1535276421162481
430,137.0,0.019170886752282047,32674.370395642425,0.1441815525796076
431,138.0,0.008551905516910709,54359.75916414991,0.14678154552649034
432,139.0,0.004992289319889239,83317.41264491525,0.1484147543299497
433,140.0,0.008263759264381217,58746.756317850566,0.14182044149293319
434,141.0,0.01686785448877669,597503.8886780287,0.1409932735524879
435,142.0,0.014516387276591578,31471.771472515215,0.19180201844372655
436,143.0,0.013640362846913114,172082.38517569972,0.09747125743981302
437,144.0,0.014672126040411534,19078.139120524622,0.11319212043473638
438,145.0,0.015311414771693906,94627.99078132035,0.22737484155191537
439,146.0,0.013119176593838416,99348.99898380088,0.09701916904943611
440,147.0,0.018552704830302674,882395.2339512397,0.11981555675358772
441,148.0,0.014577196598523462,912034.420845933,0.19725753817414143
442,149.0,0.02497189285057091,514743.7470705273,0.08971100548915864
443,150.0,0.041099348422155645,710355.2590846594,0.15974192392433725
444,151.0,0.05421354179295842,343773.37868115323,0.11268818362168967
445,152.0,0.06887797728536511,424441.1085500424,0.10460162345327598
446,153.0,0.05972596946949014,371977.68746430945,0.12127323721303435
447,154.0,0.06871138991883895,323098.298795245,0.19496861985809005
448,155.0,0.05248308612259957,801029.2717797252,0.08386568565792205
449,156.0,0.02044965085535495,467737.2677735112,0.13318297200266324
450,157.0,0.013099531582337731,278095.650246655,0.1371565576916538
451,158.0,0.012175463671151472,706166.2463837775,0.16544062922494965
452,159.0,0.011203322271191217,2259192.1045431057,0.11280009411240216
453,160.0,0.010360593036805789,1677652.1868145522,0.10654741188689261
454,161.0,0.011907722248122057,3628560.0193848624,0.104343887780124
455,162.0,0.012685287371807193,3294697.4883322474,0.0788173375056506
456,163.0,0.03163224087973782,2475445.408555996,0.10550128581983789
457,164.0,0.059609707032668185,3642513.5900621223,0.13201251757437832
458,165.0,0.0713773140213353,3725443.7339662476,0.13238598188360373
459,166.0,0.06558529513029263,3799770.8915585657,0.16199985709299874
460,167.0,0.06416319843132606,3439525.7649435382,0.11754863921903674
461,168.0,0.0649189627788647,3881524.6975109787,0.21327361866883307
462,169.0,0.059148411278398975,4441451.765599213,0.18064675656153187
463,170.0,0.06164882061197044,5456000.325921958,0.17585288917943098
464,171.0,0.0694755775601233,5804565.111922834,0.29275545129588726
465,172.0,0.060577865472776195,4997398.639518596,0.2007974163808234
466,173.0,0.07074651646937903,4920418.678041871,0.16012420014737222
467,174.0,0.08040484526904498,4483059.299344682,0.260804070454301
468,175.0,0.08536925993186437,3171002.1611104584,0.2895807167123941
469,176.0,0.12080197229308105,2641152.7518414375,0.22944341980552035
470,177.0,0.11540848375745771,2569665.2354995087,0.0729706642900658
471,178.0,0.0981102731732767,2234112.840346508,0.2117725846327427
472,179.0,0.08428063810459936,2845265.2975368984,0.16256078209592834
473,180.0,0.0966828470731002,2870101.261246993,0.11817085815294699
474,181.0,0.1061194501100705,2040538.5722760411,0.21000723576345728
475,182.0,0.09240671637716513,2232367.2767155496,0.07998473646687174
476,183.0,0.07875024690135017,2461499.8268388202,0.05512768446310066
477,184.0,0.14529690899585918,2752450.9789727554,0.08989652616547986
478,185.0,0.17443608456533807,2530040.3725029025,0.07623462302520136
479,186.0,0.1428200017651095,2367126.0498974803,0.09740490591892373
480,187.0,0.15492770570682657,2507537.3038568194,0.08349134021233218
481,188.0,0.1628591761435488,2459037.0907393247,0.08738662341391468
482,189.0,0.18620019789948872,2253865.082266391,0.08903003949032567
483,190.0,0.14747255773961193,1950335.9036660388,0.09657115196516386
484,191.0,0.13553212112054402,1904956.4603860367,0.07952455124531822
485,192.0,0.13826506455560122,1609474.2480641073,0.14066807862788572
486,193.0,0.14706838037247877,1436392.0399208928,0.11143226143034252
487,194.0,0.12471100641521625,1021189.6291404155,0.08185155529959504
488,195.0,0.07878680499241962,803581.303850208,0.05380817494331974
489,196.0,0.034098730477713037,530086.4165068418,0.07030545992274437
490,197.0,0.021837526598041085,480651.64689007454,0.06725258373682579
491,198.0,0.02077259026388862,673569.4306751331,0.0863898795043044
492,199.0,0.01142085008667319,635893.5890421462,0.12539802057782615
493,200.0,0.007884671636167476,613306.7095210424,0.11619835423273916
494,201.0,0.009357219438320479,600935.164506581,0.1377493820821563
495,202.0,0.0133282624879976,1041192.0603511535,0.12712422038962112
496,203.0,0.0,,0.0
497,204.0,0.0,,0.0
498,205.0,0.0,,0.0
499,206.0,0.01640786123531308,784447.5613767516,0.07943915168459723
500,207.0,0.01499262619617187,438791.7144023401,0.06684886501038562
501,208.0,0.011325162982856175,519777.13770824263,0.0908420062379284
502,209.0,0.012358268903611382,617635.3427043217,0.10813708616154279
503,210.0,0.01211872961699813,219068.67938047243,0.0961585971121609
504,211.0,0.01092994438690629,818467.4027482581,0.07204409264337355
505,212.0,0.01329610598735795,477773.3555815645,0.09774533016840094
506,213.0,0.014824212543861076,213146.62795827823,0.11036453426860403
507,214.0,0.012171664940906952,3502.183870715063,0.042665956785921916
508,215.0,0.012734782630303256,2757.5875345653235,0.04735606860411127
509,216.0,0.01383689705728678,2361.2108303813543,0.04225089062516547
510,217.0,0.01273918656791027,2481.6710613192135,0.04901304378962601
511,218.0,0.018804732194503706,2956.0838322667955,0.04707576476213249
512,219.0,0.02127896037350265,3199.6853994611997,0.03863967129811596
513,220.0,0.021249105838251073,521523.8248652863,0.11418407906282152
514,221.0,0.01419322703759807,829713.0161938183,0.11783555757082609
515,222.0,0.008286370895000457,662847.066609826,0.13586604444825082
516,223.0,0.006504315601181351,441928.9126024844,0.1845590858427087
517,224.0,0.01283519013471555,171546.03348852482,0.15231383578594096
518,225.0,0.017446518337323396,221486.617823615,0.14013203435623947
519,226.0,0.012986917599802238,41235.29045413322,0.12845542097194385
520,227.0,0.014604907276715482,42515.59243379606,0.11249641628049059
521,228.0,0.010763670868417669,214280.57095266294,0.1273428107948972
522,229.0,0.009897949748024559,331014.7264336895,0.18550847709851165
523,230.0,0.009817412852995755,118236.02464534513,0.16322558467354334
524,231.0,0.008178678870105713,88533.39615584273,0.11035518285362028
525,232.0,0.011043062992652227,144263.22729813095,0.09526388467375982
526,233.0,0.012847078906134757,190531.5771363047,0.08930719848238712
527,234.0,0.008913632345710012,356163.77872721106,0.10068230707833122
528,235.0,0.008615151520788018,302163.907937726,0.09370138235653352
529,236.0,0.011400445346870852,391321.8112963187,0.11791941739165546
530,237.0,0.0094913481969282,365376.3990872793,0.17140334658590317
531,238.0,0.011534783294913205,494206.94176182593,0.22841174976188894
532,239.0,0.012282211798081396,586040.4884418756,0.10987311595527703
533,240.0,0.028267431059317817,397245.5854234012,0.11807081046521438
534,241.0,0.04177960879609265,350748.77729219483,0.1535164684403746
535,242.0,0.03195384457556583,263359.28604606516,0.11296400395407222
536,243.0,0.02437480116608176,192026.70543147498,0.10120289616491825
537,244.0,0.01942246906217047,187763.54405628418,0.08617949509879665
538,245.0,0.030844558939347348,248213.68743384455,0.07436918738726621
539,246.0,0.028296051816237445,258881.13013070455,0.09171580350505804
540,247.0,0.06353629332960119,274564.69579337037,0.10425556005871135
541,248.0,0.08486225672778802,269904.0634814537,0.1376510290596279
542,249.0,0.06519461698271804,229214.92117577023,0.10947713920643488
543,250.0,0.03150879705275309,156943.78338860985,0.12558888533790122
544,251.0,0.050099886624205746,210480.5874229677,0.13109340179371373
545,252.0,0.06707243176352287,166149.17198780418,0.14533254147076666
546,253.0,0.06111751293447409,191520.31935756296,0.14424837781321848
547,254.0,0.041222986310957214,169813.46753169928,0.19599638548184706
548,255.0,0.02347167230017827,137596.95220231844,0.21914736150457612
549,256.0,0.04115701607776389,239178.8467034723,0.2009814380582638
550,257.0,0.033101907176603516,192942.2810465618,0.20954248316834367
551,258.0,0.026689852045872674,274793.0683428003,0.23050199067677202
552,259.0,0.027109934998223527,251574.45096122907,0.2490999726763483
553,260.0,0.022004308331413733,293690.3225629192,0.3212635495507773
554,261.0,0.021437521076959214,250884.12611971772,0.2653410971684584
555,262.0,0.017609101271751443,204869.76826401317,0.2874912415373249
556,263.0,0.022208349995410718,273733.86171629437,0.3380691598922236
557,264.0,0.030079261411689807,233472.4010522455,0.2539070934977049
558,265.0,0.02996306204584013,278926.82687015174,0.26321242554794316
559,266.0,0.02354781563685453,261735.92668734203,0.18045967107949654
560,267.0,0.018944959765760543,160465.41667448284,0.15812988595880756
561,268.0,0.020131706427910023,392033.6630888225,0.16483140845580546
562,269.0,0.016972535583441188,424377.79766168393,0.16047913903969022
563,270.0,0.01158266944475015,457761.88169494946,0.18617973035460927
564,271.0,0.008963238195528748,615310.4657437984,0.16455861833840807
565,272.0,0.010179886944567163,287316.93218382914,0.09338321625559566
566,273.0,0.00925419137577993,221696.32600196812,0.0792307236744269
567,274.0,0.013608042544696846,306996.99578940996,0.12858994868492524
568,275.0,0.013883067622003985,565048.3272511897,0.103782167076774
569,276.0,0.014826941748926618,633142.3915764455,0.1062943895649001
570,277.0,0.013389237192056964,273805.0416503362,0.09311876316395881
571,278.0,0.015770086756175382,181181.02170039283,0.06509831396612449
572,279.0,0.010931938142717059,116242.83071162849,0.06666904485184603
573,280.0,0.014835941293549839,562674.8534644148,0.09406967256506368
574,281.0,0.0117252362867226,134606.9674621601,0.08015411305930745
575,282.0,0.01220754157159454,408874.94150680344,0.08332538532785583
576,283.0,0.020406432863408742,330590.3710162387,0.06076148979631424
577,284.0,0.014539207280030263,359838.302825812,0.07709530842033925
578,285.0,0.017015165754585795,429803.94907685625,0.060325447934574374
579,286.0,0.011554241491013268,707975.9083460701,0.05433834508388868
580,287.0,0.00854948299049901,514391.218034856,0.07374614436964375
581,288.0,0.006512259236181674,436809.88377751573,0.0699977437947237
582,289.0,0.007828323245112003,533258.2932741758,0.059798527615171536
583,290.0,0.008367793219146368,190942.81456601858,0.061624259407595534
584,291.0,0.009580969542735508,282381.1300256714,0.06354894911003066
585,292.0,0.010187476223614714,756457.3932332543,0.0790861221378639
586,293.0,0.009265125436632028,219603.80425714873,0.07699806546351728
587,294.0,0.008338519160761098,361750.54377279046,0.07829621312796389
588,295.0,0.007390819113110005,424847.92857706506,0.08133062163408361
589,296.0,0.0066992820011490765,108996.06514403815,0.0658141791229912
590,297.0,0.009450066532193008,212801.76385979727,0.07958137045527361
591,298.0,0.008639030385654696,276454.2996798774,0.13236197520272566
592,299.0,0.0069168502205556575,401909.6767392671,0.09630715748279624
593,300.0,0.0060353347352927415,298543.93616583105,0.07538437345522347
594,301.0,0.004380079790820843,147835.6836711869,0.05183635516067921
595,302.0,0.003238158262236215,45546.52105528328,0.08817800716765666
596,303.0,0.0031418402195097506,60850.90911371871,0.06453321955458345
597,304.0,0.0032610429870084286,196088.46958631455,0.09745658634012398
598,305.0,0.002529373983622906,151856.99833514533,0.0720887188437116
599,306.0,0.004231799977012129,179824.67841057395,0.038634437894046685
600,307.0,0.0037516692128062162,124608.12677606847,0.060016454545260146
601,308.0,0.0017223046223883655,56552.49556989336,0.06367404668359661
602,309.0,0.0016760675313653819,100863.16504182112,0.075269276786677
603,310.0,0.0014180815897085624,138849.78503477486,0.05368327385315448
604,311.0,0.0011384616402898913,198274.07255346375,0.04260157611688632
605,312.0,0.002667332494913408,656153.6864171429,0.06251644854718011
606,313.0,0.002202329098457791,407977.83985432185,0.03157719716690805
607,314.0,0.002067528805493566,146415.08875355186,0.06831236859836831
608,315.0,0.0029824316046009438,458181.1350584478,0.03222043438017405
609,316.0,0.0031296082757212773,137717.79098169514,0.04821397681764584
610,317.0,0.002523762477730945,23688.414761816075,0.08845714761363778
611,318.0,0.00293027661672656,94711.70958438319,0.05813793902938576
612,319.0,0.0037592485226212416,26021.97735007537,0.10180332289481708
613,320.0,0.004341892300736435,50271.26564875008,0.054229136542354645
614,321.0,0.003834499455900191,96249.30830946156,0.0284585393194271
615,322.0,0.003930602631734938,40102.0850810348,0.05685861029814401
616,323.0,0.002832377111693245,24646.57356895853,0.07589203317336182
617,324.0,0.002381253283944907,363849.3627202647,0.07719438208328123
618,325.0,0.001857178338221512,50630.41721899112,0.06465183728985616
619,326.0,0.0018821073904230845,8148.788357035851,0.0673661391067332
620,327.0,0.0015603986633139111,58939.05932480901,0.0670062795915283
621,328.0,0.001546978087901208,101473.66060383696,0.0800752441364852
622,329.0,0.0014453853956570195,175365.80555575626,0.05485497458804951
623,330.0,0.0010795437461584253,161400.7751119045,0.06485240871351766
624,331.0,0.0012219397922865554,105244.90121692269,0.04921305238914254
625,332.0,0.0012849999337016618,325152.3554467275,0.05719905839015746
626,333.0,0.0012256993158067818,49927.12467360593,0.050444660565143074
627,334.0,0.0007879242705261405,120866.23312163712,0.05082298541221919
628,335.0,0.0006209050466162745,99225.83287936656,0.03851004542239124
629,336.0,0.0004933190542211985,136537.61533155906,0.04795087664897042
630,337.0,0.0005587142918493527,37578.42703715723,0.03135407964895525
631,338.0,0.00048184018875140175,131220.59229314156,0.051072043436732203
632,339.0,0.0006535512053207007,99297.92341416555,0.040403345930804295
633,340.0,0.0009604137369861022,359828.98124266864,0.05290592364851947
634,341.0,0.0008937427060882458,1014554.7532644536,0.026146817195800327
635,342.0,0.0008361287475397119,86165.15685513962,0.03908121270282239
636,343.0,0.0007678901972565321,54249.1617724114,0.05556061083971071
637,344.0,0.0019564835963530856,2669958.8376518725,0.061820428062078686
638,345.0,0.0008782837883593142,90437.88915674125,0.05752985692661429
639,346.0,0.0008032013949154508,53409.55967081842,0.07427796177652654
640,347.0,0.0008872977867811598,71109.5631143067,0.060390588178280455
641,348.0,0.0012036849467281952,103165.34189324846,0.05886816824263096
642,349.0,0.0013723625749386286,80587.49053048772,0.0806483936323405
643,350.0,0.0013666951218370721,10546.402617778813,0.05714629330120111
644,351.0,0.0015679729441733313,12563.573829040217,0.06085184411017906
645,352.0,0.0019237622215830265,10546.085589127328,0.050411724657728335
646,353.0,0.00239644927680185,40304.30836356565,0.05679610395900586
647,354.0,0.0025838082290933232,31298.328420298585,0.034173521346102916
648,355.0,0.0021189926071277223,12447.238210386126,0.03697141355611473
649,356.0,0.0023267586918888743,11799.150936275002,0.02717113480861622
650,357.0,0.003656060607242771,46467.59865979357,0.06214083893252985
651,358.0,0.003967076550575088,25766.52132619224,0.06899230676663046
652,359.0,0.003988745418105127,9874.013944389026,0.08109047649258438
653,360.0,0.0037594872860910486,23105.982705987768,0.04365221465583979
654,361.0,0.004208802790010098,12055.180191716585,0.04069821503916339
655,362.0,0.0041859950213789425,11500.673730660908,0.02680363953912849
656,363.0,0.005560735906277896,183749.50711588716,0.019149044383218412
657,364.0,0.004587839368794768,12640.650848610618,0.03196039008712068
658,365.0,0.0055241343297771865,12369.07748522948,0.0446445843767988
659,366.0,0.0064835050943113145,20725.143526086176,0.04406242965245967
660,1.0,0.006914818276472427,12138.188247746859,0.022762282802504023
661,2.0,0.007569936193714837,12692.469883923304,0.03727482046025867
662,3.0,0.006842719964458583,12929.276577896626,0.040199952444452666
663,4.0,0.007193927973959669,15768.123232782018,0.05192541721221148
664,5.0,0.008037752075216075,13409.171499094302,0.07304395004241931
665,6.0,0.00810977165600797,16000.629457011124,0.0734604100870556
666,7.0,0.009840962571311253,952232.715001456,0.06409963893557444
667,8.0,0.008907451389418822,12937.496558443541,0.09712068715375835
668,9.0,0.010739684097378643,15087.125866489563,0.07044256974812238
669,10.0,0.01235788655590758,17321.11814076814,0.0781103755959439
670,11.0,0.01270055095586921,12400.654984423252,0.06691241001586697
671,12.0,0.0145655021377712,13607.15884038225,0.11146589676668167
672,13.0,0.015114261350192205,15314.730169714052,0.09756788466950754
673,14.0,0.02052742955456776,13793.190508454863,0.07791346795854061
674,15.0,0.018917317779565443,16179.631411965009,0.04485840335817435
675,16.0,0.020448982384063796,19307.940316190514,0.042998187742283096
676,17.0,0.02378826170169292,63121.05023240273,0.04646284743072136
677,18.0,0.028555689263258067,14504.319663909604,0.032682494769294135
678,19.0,0.026156927538348498,13831.36325852086,0.06949654218677272
679,20.0,0.033953292007449405,15624.92280468624,0.06282408320390412
680,21.0,0.035364617371898326,14553.449377672641,0.06098937563319946
681,22.0,0.043731246902843676,16564.51099766177,0.07560874190997066
682,23.0,0.049963388444676925,14608.511660949729,0.0507153076430965
683,24.0,0.0617940908434294,14609.509318144846,0.07404216292205637
684,25.0,0.06431505222335836,14876.760871848712,0.0288687068891195
685,26.0,0.07287083284414658,14992.50818919029,0.028510869917297035
686,27.0,0.08000339615005006,23058.043712401766,0.048590465679060946
687,28.0,0.09278316114532774,14615.786708535043,0.07656257938942461
688,29.0,0.11281934247464974,16849.906235999864,0.04533515316733996
689,30.0,0.12232500682915008,13850.951035795424,0.031755366841660235
690,31.0,0.14960215587031503,15668.370902682303,0.05432736457408526
691,32.0,0.1426609808548172,15014.093265743728,0.05979259686830026
692,33.0,0.15310395835939652,13963.949913503579,0.04485304900231744
693,34.0,0.15477760285930234,14625.072105410334,0.06180946150146724
694,35.0,0.15870697892176078,14739.629470323716,0.11565993573935746
695,36.0,0.13960009041928087,13547.110375560762,0.13956809822215013
696,37.0,0.17278098652137114,15539.160887109805,0.0968945541950661
697,38.0,0.19404545220662697,15299.439588957814,0.08356285493457591
698,39.0,0.208603133824648,16131.978029523152,0.10322632046035501
699,40.0,0.21553782559949067,16460.726164802207,0.07715127946647904
700,41.0,0.22995034512728868,19162.96382532236,0.07342589348226722
701,42.0,0.27734815865224666,21311.71648553467,0.04917660361480309
702,43.0,0.26766237041957375,20432.63886533471,0.05390058795346353
703,44.0,0.24441776974671836,19135.207628285472,0.0728300209614072
704,45.0,0.2632378609801781,21422.796334140614,0.07685213088401478
705,46.0,0.1438450100934086,18413.180101803864,0.06127017164611645
706,47.0,0.1362868872786246,23687.666540619935,0.066712603981369
707,48.0,0.09750870836506989,19620.364708640314,0.09439720535972612
708,49.0,0.047433219830138186,16080.219865957895,0.0859094218634215
709,50.0,0.029613553829356917,24061.529385549547,0.06693546396840415
710,51.0,0.012138761524692298,22083.46466165827,0.05575203676588977
711,52.0,0.004732692758477745,7728.801267510478,0.06318439648023749
712,53.0,0.004725996851961492,7936.287283352947,0.06046648683910011
713,54.0,0.00546952732065106,32002.554348649635,0.04579490762444792
714,55.0,0.003857144640250289,14479.051818004677,0.02025195088757872
715,56.0,0.0033347420459975477,4573.613639238434,0.05312069980060785
716,57.0,0.0027998295322735913,4195.505612798018,0.01485937882045018
717,58.0,0.03758580532999588,22673.158141055592,0.058604581864705615
718,59.0,0.017740948244006582,17093.509645275757,0.05455161562201074
719,60.0,0.012070778593604838,4819.727841540617,0.03549170625892416
720,61.0,0.019799387630518393,7160.609030563991,0.04147994706398875
721,62.0,0.025067314241098666,3505.4322421840734,0.03352035304429809
722,63.0,0.030453339736005607,136389.1785020428,0.0740809542795488
723,64.0,0.02456142751784195,4078.8368862618695,0.05465133247692154
724,65.0,0.012387098665870776,2904.9623064381526,0.05055459414288247
725,66.0,0.011530856539637424,4577.1212979816,0.028047697929708924
726,67.0,0.021157048513153913,2732.1399312447875,0.01895535729587174
727,68.0,0.013263729780643708,2628.1839489883596,0.01836806661469383
728,69.0,0.018406624114188648,6656.1559722157035,0.01982545619472548
729,70.0,0.04423511963736609,2104.20149605045,0.028173851848639152
730,71.0,0.01354196783258518,11230.46721003087,0.013733550205037613
731,72.0,0.020740649828176003,2711.3716345764374,0.0342252288417959
732,73.0,0.032597732382361536,3914.624289843524,0.019984857460337322
733,74.0,0.03194196639462279,3689.760990985921,0.02131719613959322
734,75.0,0.038076306607597615,2635.393117016873,0.02769789395965408
735,76.0,0.050095688187380874,47584.904855872184,0.022696044432186657
736,77.0,0.056960517317188916,14790.598884283321,0.04103397832601259
737,78.0,0.08258049327860048,12570.90689238347,0.03984204281004522
738,79.0,0.04369759050730967,2393.1354890417106,0.030888489524222185
739,80.0,0.08283562366202546,14464.574539939063,0.04344447467222397
740,81.0,0.13254051055170016,6185.707851832652,0.03370743226006299
741,82.0,0.15826736883768527,2603.776373736842,0.04916734310246325
742,83.0,0.27123420715134144,10128.239585443589,0.09826165035592295
743,84.0,0.3276898735700531,2479.0779843719515,0.0943587868669033
744,85.0,0.297861884612642,3565.252355773986,0.1043283888223362
745,86.0,0.2161934811205758,1694.5256311899066,0.08353020030125176
746,87.0,0.10808728705768846,75431.04991223829,0.10354752827096657
747,88.0,0.34875200385192834,5105.535434062207,0.1704983304973846
748,89.0,0.3072321223989089,292741.4418499508,0.2017863891329161
749,90.0,0.22393782242494875,2712.542397613488,0.2736822198635606
750,91.0,0.19192679412040928,2010.6734364884885,0.2362232886050738
751,92.0,0.0925426745924655,13940.116650260054,0.1768451728315183
752,93.0,0.04353464291359457,2736.6514407739305,0.2951836491200255
753,94.0,0.058551919032239184,462393.1913429769,0.19201964028311733
754,95.0,0.062134685452661036,53520.00943652722,0.13507341873432024
755,96.0,0.02779609283070954,10557.267912988787,0.21826748663293943
756,97.0,0.037543131054541136,393740.68890604225,0.15957840522037314
757,98.0,0.035467422543696225,15097.881468926616,0.14781388825196023
758,99.0,0.04247543548904006,10041.529808448626,0.15165327169492598
759,100.0,0.04312554534197015,301233.7170688946,0.12362174629389446
760,101.0,0.04575441226228146,443908.723207905,0.06868858141538546
761,102.0,0.010158986524346693,2432.556652633004,0.2811864389478522
762,103.0,0.016719533591915848,6742.114974632494,0.12872015632328065
763,104.0,0.013951673320527878,46897.755370457286,0.14897066068974749
764,105.0,0.009321552713788128,10767.411410187164,0.14326246827962494
765,106.0,0.007554733996252611,143279.9399653854,0.1721082524739912
766,107.0,0.0032261662218224197,2606.8560189757395,0.22377446647311394
767,108.0,0.003634342606375002,43391.56536537857,0.11044672729210721
768,109.0,0.0031045497398251498,93878.89513964808,0.10197911892769793
769,110.0,0.003351946215561064,45090.12440686945,0.09298163688518742
770,111.0,0.0018972244670443102,207300.05157528777,0.08632805330828766
771,112.0,0.0015232032354634186,57433.98467847486,0.14255143413841945
772,113.0,0.0033533835029634896,48996.10660985461,0.04851776372751504
773,114.0,0.0015715819949492494,202950.28237255546,0.08875588054494489
774,115.0,0.0019544319521638564,24907.550175034612,0.04837656159127222
775,116.0,0.002477752842198696,35306.19558172159,0.056900576649858293
776,117.0,0.0018222850735721851,14933.642225838676,0.060232609259441884
777,118.0,0.002127349195021941,1798.3664497319878,0.06970970340265102
778,119.0,0.0020313458926729823,39006.49928201736,0.1356547937005201
779,120.0,0.0022393537149876645,33553.63303600699,0.13656519340092996
780,121.0,0.0029367792710950193,43872.126830518784,0.0847924869765828
781,122.0,0.00240972203167775,39102.84412520826,0.08198370882700598
782,123.0,0.00334498693155411,36007.96586543372,0.15444955121717638
783,124.0,0.0023703519280444275,8720.20687126206,0.149700214413112
784,125.0,0.0031037689892172934,653127.7591317457,0.10534556886456868
785,126.0,0.0027597035017390133,41615.45764688588,0.1073409998087545
786,127.0,0.0030308224059845206,16298.28447312677,0.17819174684435637
787,128.0,0.0038332564779242446,2428.2763617609558,0.0914143586602116
788,129.0,0.003476513833101895,14788.725512612185,0.1593097210511449
789,130.0,0.0029880967748629255,47668.6802386404,0.15881251054533357
790,131.0,0.003888680910920894,3406.069589713739,0.09777065286405272
791,132.0,0.003042219364751378,28672.306152827998,0.080264466395145
792,133.0,0.0028429547926091645,35599.75953515164,0.08769316357599789
793,134.0,0.002248294381289865,54126.97353633035,0.0741777891017085
794,135.0,0.002545976130337175,73505.56410216478,0.11337449504594937
795,136.0,0.003307170090201238,172519.2564106924,0.09834332364324826
796,137.0,0.003945479269667394,53649.92353093873,0.1344386578127787
797,138.0,0.004547547905075972,9293.796079724016,0.10470756302564932
798,139.0,0.005146893096691897,774995.0581380078,0.08413756898728995
799,140.0,0.004834888915124004,80064.73471165964,0.05511276128277379
800,141.0,0.005595843276491115,918697.4077163436,0.08450805572624923
801,142.0,0.006247722012122467,515119.5345370404,0.12654997363619494
802,143.0,0.009359352264661877,1600505.064571972,0.18465316372238288
803,144.0,0.009395127611570507,612580.4862164363,0.11157381681782913
804,145.0,0.012001294139423958,1586645.2451305683,0.1527071930825593
805,146.0,0.010833608560882686,1243229.9530426166,0.06559776652869993
806,147.0,0.015460177017594773,1751529.3569168856,0.08641457209035905
807,148.0,0.02089217277988999,2392793.719316995,0.08168065447182732
808,149.0,0.03207851767710538,1966788.0516140878,0.06968185268432966
809,150.0,0.035581003084568436,2957894.1172329797,0.06661009099292844
810,151.0,0.06052692977134948,2522202.735369461,0.08471066929231937
811,152.0,0.07499203041669075,3054211.2183597167,0.0882339879371887
812,153.0,0.10196565269062254,3542128.0468768706,0.10615555005663058
813,154.0,0.13591224227277937,3762084.3476302456,0.12809106492610667
814,155.0,0.11749291566141108,1947988.0150649825,0.0812710697298605
815,156.0,0.13256247995272535,3564020.9995688545,0.11282450767056443
816,157.0,0.15261821936100717,5860437.619199876,0.13292246947336464
817,158.0,0.10559737394631358,3657342.966230076,0.15725802738561984
818,159.0,0.1294727299256526,5544811.215739246,0.15239685162369943
819,160.0,0.17539598865832248,4751599.997383939,0.12339848221073361
820,161.0,0.1648775433094737,4876102.530810872,0.12244646184589168
821,162.0,0.19454046877682554,4109241.305294172,0.11546921471088578
822,163.0,0.2184978410178057,4166038.750710574,0.1317868051353393
823,164.0,0.23770555102517066,3171958.5999665847,0.1295243910408224
824,165.0,0.25829638085349493,2908481.6010707114,0.18373521814249766
825,166.0,0.15043205060467038,1819341.6590315807,0.17848368973171136
826,167.0,0.27172303142322773,3328415.674678999,0.18597967953775923
827,168.0,0.16435202564360923,1142753.7573534274,0.2113054712897742
828,169.0,0.2440901835240581,2509785.9294310645,0.169335518016345
829,170.0,0.2500368251190674,2367643.2922048434,0.20166383204180668
830,171.0,0.8575274696224446,2992816.979372954,0.22247307783767942
831,172.0,0.1598518030568698,1688327.5865579778,0.16096153942742733
832,173.0,0.21566380907359106,2066468.3519260474,0.1696698851506357
833,174.0,0.05466888351389989,1413023.6576323165,0.10788692676983105
834,175.0,0.03575213889201727,583628.4012771512,0.15973499442265468
835,176.0,0.03473709521817929,668368.4466361916,0.14244173254723108
836,177.0,0.026439886489733756,249925.5775844007,0.13177318840876143
837,178.0,0.05986145667382388,1568268.3018191312,0.2312680521454592
838,179.0,0.03931512769582736,1516017.5124609368,0.2576693282690732
839,180.0,0.0468071693631143,1642443.1674549377,0.2799895671264906
840,181.0,0.08311150643962902,1485985.4181795795,0.14621396175064322
841,182.0,0.11747531089698833,1296450.59179128,0.11319865410078699
842,183.0,0.13226106596970102,991402.5262292195,0.14533653394572435
843,184.0,0.06779208278048035,1343348.9460009995,0.17784516984384122
844,185.0,0.018958600604078994,685569.2675264254,0.19939024178090334
845,186.0,0.015526340302083115,515037.3847710929,0.23892262624531269
846,187.0,0.01108043320525713,594852.5200568673,0.19086216763915168
847,188.0,0.01692295949418097,93904.42249555714,0.0751980255457661
848,189.0,0.013359832213568366,135453.96349125044,0.0851344458093369
849,190.0,0.013244791320056392,50378.70907949411,0.10240035489646314
850,191.0,0.017479674124885217,37783.77481510938,0.11765846079854374
851,192.0,0.022407180769166295,30595.073818781122,0.12091231173246952
852,193.0,0.016518270299762456,54491.80145157038,0.1576990190329296
853,194.0,0.014369327924735515,39114.45579711349,0.14706868297684117
854,195.0,0.010705576342404165,102372.12936596418,0.17472730317995977
855,196.0,0.0076665247985186384,141466.97728448972,0.14735124722358617
856,197.0,0.006160176135664796,61927.152289718026,0.086891148248818
857,198.0,0.006896969547865091,154683.29815384443,0.11834681821474474
858,199.0,0.005885485928426899,115083.8598375596,0.1488287191702377
859,200.0,0.009006606365444564,183196.49411708408,0.15077620995648508
860,201.0,0.008282856897840916,85996.33390217929,0.11989513581825056
861,202.0,0.003617711698252589,27638.394839255532,0.06326569913453037
862,203.0,0.009177202498111521,16389.16909889154,0.06884290717958935
863,204.0,0.01738524308081322,45596.46008805975,0.09108851754568162
864,205.0,0.013407381246386607,41947.30012878979,0.08669836269290856
865,206.0,0.015252333641720045,78987.65941626775,0.11866918235909599
866,207.0,0.01678371195094937,24881.69335726642,0.15599094964224797
867,208.0,0.018218530058984796,78872.25007637384,0.26200912079190136
868,209.0,0.014772003703258072,57580.521341865584,0.2759206891158438
869,210.0,0.012518337569190525,106873.1432830776,0.2640360557024507
870,211.0,0.010989674284158904,133274.3312367677,0.2611619241835737
871,212.0,0.010340406972272443,198606.28299107068,0.26134846870632
872,213.0,0.006504394059444453,198066.60457285805,0.295292554161229
873,214.0,0.016701978440721924,68154.850654878,0.20291961033170133
874,215.0,0.012628986687934482,49803.64655339189,0.19828709963143298
875,216.0,0.014225099117537858,70627.6601306875,0.19226412850369323
876,217.0,0.013761146805239117,56285.639406651,0.17950943229591643
877,218.0,0.01724438383102956,73065.0078113943,0.30195031850035314
878,219.0,0.01247704542344297,121024.8878196668,0.3075059805490977
879,220.0,0.01903576803323914,104822.46817997335,0.23667451776307818
880,221.0,0.02178210520121279,68234.49607087055,0.2279355812138374
881,222.0,0.01856500524767778,62497.38732134287,0.1936762022377582
882,223.0,0.012475873714949699,70244.22788498276,0.22237406032323823
883,224.0,0.015758343546575126,83841.44290385502,0.19573586389228953
884,225.0,0.013730307967479495,105450.10577491448,0.22201622628014517
885,226.0,0.01484905433865959,103341.46490258886,0.21496972400663067
886,227.0,0.012564117042671052,199248.30296523828,0.2729593815307105
887,228.0,0.010485595773595148,483205.36159589695,0.3734749321400661
888,229.0,0.01468485723479655,2927000.786999729,0.2838848724618063
889,230.0,0.01647664126734968,3272312.3479607888,0.24446003177803552
890,231.0,0.013557455121695863,1670662.0777906664,0.1695241611010615
891,232.0,0.015146819159406955,2037150.6353475894,0.1217281112889112
892,233.0,0.015326498291407932,511027.4601568638,0.11746081248949783
893,234.0,0.013998717274428665,586592.588510296,0.22938946694520246
894,235.0,0.019647976384945396,472823.5128673544,0.15206057890521887
895,236.0,0.020843982170461788,348358.8810646248,0.1304685105529042
896,237.0,0.025091003515796052,113586.24224706143,0.18455627995448481
897,238.0,0.03165715847214805,335965.163067718,0.15255401431002574
898,239.0,0.021838682385105664,734772.9660606827,0.14449939717325733
899,240.0,0.025299222285407007,243551.2112550332,0.12461257751377902
900,241.0,0.02449583360769441,30219.41219886455,0.09344186154856166
901,242.0,0.02645895134595735,227211.7300981897,0.12835418929262327
902,243.0,0.016575705857600584,496992.87478476565,0.16646495052099486
903,244.0,0.013117539033116575,893531.784438526,0.14830196853565658
904,245.0,0.018920471477500176,1062157.03770773,0.15008271491848912
905,246.0,0.01827248424891714,597547.3514459423,0.18397607052189807
906,247.0,0.0204867233412189,228016.91443157534,0.2180255995225537
907,248.0,0.018203898506300158,88659.29045296348,0.28026873516804346
908,249.0,0.018810498753284347,82005.16831363818,0.27957327940853327
909,250.0,0.019635103601361538,89232.14621275314,0.3316654128179632
910,251.0,0.01871129158161949,97890.15808387905,0.33527409306967804
911,252.0,0.020164341528473448,117907.87625341953,0.22105888738756121
912,253.0,0.017889447698637,110330.36588366397,0.3876531416364751
913,254.0,0.020889519004001583,150674.0625554177,0.4013832015578982
914,255.0,0.018604549226807817,176925.88540523854,0.4841208061142138
915,256.0,0.02490824567014176,210257.9937858072,0.5093106172477679
916,257.0,0.01995124284797845,190001.8366248311,0.4774238476471321
917,258.0,0.014215362026947445,176905.6400874685,0.4666568583721389
918,259.0,0.01277140317532813,152331.49080287543,0.3369621401927086
919,260.0,0.013912571878952213,151203.46092700283,0.23292721509222108
920,261.0,0.025290990518297574,190112.94096264313,0.20903950807087887
921,262.0,0.026921374939260122,173135.66746329117,0.20794901617002082
922,263.0,0.022736668172809275,137095.61026562704,0.18091546764164473
923,264.0,0.022542493958397972,159758.7369480751,0.1541942981496307
924,265.0,0.0256169366449459,188587.92789561005,0.1506268478452125
925,266.0,0.02980900394717467,206543.20494186782,0.14622648642164457
926,267.0,0.03937839599276038,193161.48003536588,0.15774155469514453
927,268.0,0.04325560251332346,169483.84848569136,0.3100513246275219
928,269.0,0.03321894437349927,102995.44760835427,0.26398330028380296
929,270.0,0.05789847597432452,172537.3148905065,0.22060050015105673
930,271.0,0.03685566994211465,185636.95556746933,0.3624513697462868
931,272.0,0.03842507092474083,201222.74916183754,0.3366239678619321
932,273.0,0.04751711524641364,296401.44543946616,0.37831699697537025
933,274.0,0.04323994231445625,292659.0904872968,0.38780225951993513
934,275.0,0.05364751959589353,334033.77373481775,0.3290010430724848
935,276.0,0.057603599234444754,326504.7418468053,0.2395095958297575
936,277.0,0.0639747882044834,393768.5574005954,0.36600373006129083
937,278.0,0.0704360894234848,444937.25336357654,0.28508087697826806
938,279.0,0.06670673368634396,411282.7778998248,0.27280045756107085
939,280.0,0.051317723662292876,405611.8130253496,0.23202342195654638
940,281.0,0.038573498921548,356472.60376558325,0.1906455855552165
941,282.0,0.045851484553102125,404384.59900632047,0.3132722519417364
942,283.0,0.041728882915739826,341872.7097792299,0.3412663000925938
943,284.0,0.03705682774860182,275925.862386324,0.289052187600857
944,285.0,0.024568201431663807,223793.41713547808,0.2199896772196171
945,286.0,0.02609392355518874,201311.493275192,0.20207020553696775
946,287.0,0.01852224840295685,157840.21867817783,0.1589086985655906
947,288.0,0.018867950016220485,285979.3609699518,0.14891655670335321
948,289.0,0.01768220794606196,219356.70691589345,0.1474476886670525
949,290.0,0.016985797195899478,399290.8728786527,0.1665050189412488
950,291.0,0.019573110461378978,572875.3124305988,0.15691060585426425
951,292.0,0.016850846169531367,474769.8065059517,0.22862098188304
952,293.0,0.016491101498290833,456846.4045072127,0.2678403965753088
953,294.0,0.014240031280687623,537867.2043819485,0.3022659506516547
954,295.0,0.011582648006795843,310115.6854924317,0.22083608279899364
955,296.0,0.015044718000630694,431571.45499347744,0.22144077904643183
956,297.0,0.017119268042437442,284290.73950870725,0.19914038863914502
957,298.0,0.019258281658099355,187099.73507231197,0.3515430818120409
958,299.0,0.020461900315777163,362943.5860664114,0.4055736050458517
959,300.0,0.01938145925861039,242303.8195001288,0.24757155141135323
960,301.0,0.01657752435079092,227107.7042619888,0.2098055607079468
961,302.0,0.017813822066645193,271056.946678439,0.19361908466764885
962,303.0,0.013791576317665193,265562.1892622438,0.26211463083204095
963,304.0,0.020167749231464374,540393.2937921294,0.22415349294303683
964,305.0,0.01261417397438579,267421.6703436046,0.24092417683590422
965,306.0,0.013021544587728353,244223.57961828704,0.22283207465214985
966,307.0,0.01085962909363577,237997.77353608486,0.2632473288516597
967,308.0,0.009702776458821269,289717.15070929826,0.23148208887580415
968,309.0,0.011028829360816719,139599.01633474522,0.20701247320425653
969,310.0,0.014096174531799871,761807.7017779506,0.19032462939636924
970,311.0,0.011028667742278099,640560.2511848041,0.25222582766546786
971,312.0,0.010911703844411947,523000.464758273,0.21021608851047865
972,313.0,0.011018727509626238,275443.06748799194,0.1787292168569335
973,314.0,0.009138964776782702,294320.3776436831,0.18438738144268707
974,315.0,0.01462551781353265,545252.9775128943,0.18048982919987755
975,316.0,0.015109990830036403,392073.37944901135,0.1831296855760896
976,317.0,0.016947857223523714,412502.2181391398,0.15148963090666753
977,318.0,0.016663242015729968,567384.9123530472,0.13631874557497817
978,319.0,0.006908617391463151,918589.485008487,0.1261188066114791
979,320.0,0.006793914337444253,384542.94739214936,0.09349693519076552
980,321.0,0.009831178685223407,820495.7968010264,0.09125722500798311
981,322.0,0.008423696967650393,535804.9107437467,0.10195039220864979
982,323.0,0.007022699132996675,444952.17671393434,0.07016935847287938
983,324.0,0.007051072484555465,299496.48238388996,0.10289672558180961
984,325.0,0.008041852520683254,418552.84672726074,0.09772909190288226
985,326.0,0.007930754829110495,1138513.8874250506,0.12915701128778692
986,327.0,0.006189634570672134,1520661.9713761676,0.17595473059074937
987,328.0,0.005921896285528632,260846.86115598027,0.11396604811993465
988,329.0,0.00844254257656514,808194.3068366962,0.06703347090065745
989,330.0,0.005677810797593392,389218.6285828651,0.0706543408796044
990,331.0,0.004852897414096398,342390.9326934824,0.0853150089781673
991,332.0,0.004744987901848455,771371.934248276,0.08906214351324508
992,333.0,0.004018051219539346,659305.0481411128,0.07192361163154674
993,334.0,0.0030508614701182783,405824.21762890177,0.1014445461079452
994,335.0,0.002434578763737837,291868.59705253126,0.09812917680418468
995,336.0,0.002714741696503145,723643.2154322386,0.07594159827032794
996,337.0,0.0026411497276344355,623651.2318622818,0.06419386699821421
997,338.0,0.0017017837229379772,17385.841847944404,0.08584514248027683
998,339.0,0.0027840451863616906,262150.7988239828,0.11104663499381963
999,340.0,0.002318677034277015,274098.0842773036,0.0878277637559077
1000,341.0,0.002362204851089188,783537.5205657938,0.0791924190618509
1001,342.0,0.002091946930150295,194343.2148524533,0.08720338196918594
1002,343.0,0.0016586699422853086,47303.00483780541,0.10587318532780247
1003,344.0,0.0014347613149937213,292032.453071672,0.08878542107341086
1004,345.0,0.0010140847064708536,4467.724492419202,0.09512683514912465
1005,346.0,0.0015821110652479839,23966.41607128501,0.054168882966378
1006,347.0,0.0015176967882556537,18157.766395241917,0.09330980927191279
1007,348.0,0.0013765506865928588,3394.602604932078,0.0930382368462439
1008,349.0,0.0015771782461166475,287096.3574290291,0.07345294466277874
1009,350.0,0.0012414051576145832,4453.048905167408,0.056945090966404065
1010,351.0,0.0010884330625024273,726063.4623922511,0.06505688009833135
1011,352.0,0.0008323959177041405,4847.600436686332,0.10288717934055633
1012,353.0,0.003159518289235204,11706685.95657325,0.07075182281370707
1013,354.0,0.0010847449240556845,2776766.549983076,0.045456893374295364
1014,355.0,0.0007659970578584939,454910.64953393734,0.0762518369438357
1015,356.0,0.00045017795389895305,4241.360546059675,0.03561764346925232
1016,357.0,0.0007728500210092998,114492.44688593053,0.0664499418099215
1017,358.0,0.002432693105494996,24787936.75195089,0.05290316728413135
1018,359.0,0.0006395055956487117,5089.774423154754,0.06269227411287925
1019,360.0,0.000873380099168547,5107.329240724372,0.04939653710706404
1020,361.0,0.0009042227879892361,5292.362964242888,0.08499847107220215
1021,362.0,0.0006548403785554583,4142.897502065862,0.08156941454251557
1022,363.0,0.0004217073296500427,4871.224562726688,0.08905221336751093
1023,364.0,0.0005262810218054793,5523.939245263656,0.07468795584253632
1024,365.0,0.0010858305702888895,6070.742022894434,0.11566166965169274
1025,1.0,0.0010653046148030281,243968.7121279036,0.14887865909617856
1026,2.0,0.0012014169365245214,4329.753193348878,0.07583763526074094
1027,3.0,0.0008407882386937543,73077.30155211025,0.09056027161768386
1028,4.0,0.0007087375649667037,30715.44771545957,0.08117027144843628
1029,5.0,0.0004410047443139071,6993.706984067077,0.02575556135976692
1030,6.0,0.0009131493907456831,38117.76755990577,0.0688484176611716
1031,7.0,0.0006979366971111823,176306.94592723594,0.022324906098666764
1032,8.0,0.0005757781240836862,7021.832654937869,0.03475694860784554
1033,9.0,0.0007438346970738451,13473.025715896505,0.03119065800891769
1034,10.0,0.0008864795051633131,7852.617366873481,0.04755184476546165
1035,11.0,0.0007526837198886636,6895.429424662119,0.021386150645560407
1036,12.0,0.0010101707595043688,8000.115432035447,0.03768154715494758
1037,13.0,0.0006667251694747764,6095.318558966503,0.02289415174038717
1038,14.0,0.001080803568336093,8623.714512473201,0.019575066716888124
1039,15.0,0.001094487334266625,7479.48615827803,0.02791267266246812
1040,16.0,0.001285485855261536,6010.922540042459,0.023469831950360176
1041,17.0,0.0012604243669961503,65675.76622305538,0.032292093384921165
1042,18.0,0.0012398125436904276,6172.182494205915,0.06305987057670318
1043,19.0,0.0018443293389346842,7004.204129760696,0.042198662195612476
1044,20.0,0.0017581252839796193,7361.67344792245,0.05876261095347151
1045,21.0,0.001647141095903207,7597.628647062103,0.025606173224824544
1046,22.0,0.0018644821573612453,7003.209717575102,0.03325205988857618
1047,23.0,0.0028220269390027545,5434.50266549621,0.04032435352897686
1048,24.0,0.0032908614411097633,5660.4123560404805,0.05037825606964832
1049,25.0,0.0036186103016959173,6583.414515533246,0.04084121641973393
1050,26.0,0.004582868380937459,24250.646015267364,0.056058841958833275
1051,27.0,0.003498011354304679,5439.132452881185,0.08033848014577456
1052,28.0,0.003547680399831404,6188.498110641831,0.06980050147092394
1053,29.0,0.004332220956807011,6492.560055491834,0.04217633586305862
1054,30.0,0.0048006363910860625,6685.658739880976,0.033217648198369
1055,31.0,0.004341954765739225,8132.186090850945,0.04171886985855655
1056,32.0,0.003954534069554403,9061.932668963318,0.027600508389237194
1057,33.0,0.005871810851317818,720905.4244303923,0.033470857135910845
1058,34.0,0.005772206562891914,21643.17835315482,0.020390396469575404
1059,35.0,0.007848102488170859,7514.067854321826,0.03297697364981021
1060,36.0,0.009907073256533283,8717.258083673549,0.010562320013686004
1061,37.0,0.00925656694119621,9088.285937346207,0.021538862707462494
1062,38.0,0.00948558905188251,9564.80963344672,0.040816123114791665
1063,39.0,0.012115217596880066,12568.69489255513,0.06083485809896501
1064,40.0,0.016647920843312944,7875.323799937748,0.05916348642964009
1065,41.0,0.017668880672248127,8337.923839056639,0.05284999729658019
1066,42.0,0.020589514457766522,8458.470940404794,0.03950357047831926
1067,43.0,0.024105618638447852,8938.840975886316,0.04341672889764754
1068,44.0,0.027528031767430954,8829.298379586204,0.05992037573457425
1069,45.0,0.026062080401696868,9624.816190421403,0.039786780599260475
1070,46.0,0.029853776896826077,9846.653298153953,0.026245541611203557
1071,47.0,0.036219538940527485,10209.891414367197,0.03137921828498754
1072,48.0,0.0379780221652757,10624.152544349525,0.03457930277979521
1073,49.0,0.04263608895354519,10518.427765961853,0.0645456819310489
1074,50.0,0.054095514637567114,10888.324605439675,0.03665352721111641
1075,51.0,0.06626012929379338,10806.19487277406,0.04898350367612365
1076,52.0,0.074012983631767,10832.844509812423,0.028334819061264394
1077,53.0,0.08350223430170708,20387.629533191604,0.06486058997361169
1078,54.0,0.09948630908020202,11766.4207146353,0.05577022197496384
1079,55.0,0.11350051061953989,10926.95659909979,0.04357385408638692
1080,56.0,0.13874314507435745,11831.805143459764,0.058258708232424086
1081,57.0,0.15785747199238714,11470.459326199347,0.06252141907276963
1082,58.0,0.0,,0.0
1083,59.0,0.16362900512300263,11221.939704991537,0.07223765008040159
1084,60.0,0.15455995189964092,10637.353651991181,0.06694605579361843
1085,61.0,0.09842610787658436,19679.232927874014,0.0759471811695287
1086,62.0,0.0541637683590681,85481.14557514785,0.04502251068717733
1087,63.0,0.18359758168725623,11111.601710456214,0.06534806339992756
1088,64.0,0.2111222491106888,14294.13678553513,0.10859463596538545
1089,65.0,0.2066805074840697,11993.283027722271,0.11631149109173355
1090,66.0,0.19913107166069052,12317.348216922215,0.11056718102924526
1091,67.0,0.1661477585614387,11812.849680009098,0.09937655161994265
1092,68.0,0.11973877893164045,11449.202574750883,0.07337488834915525
1093,69.0,0.05772545208967286,10132.086358390055,0.07206868428776084
1094,70.0,0.03892509579625882,6225343.974338289,0.0830564470830506
1095,71.0,0.025979614714494444,11494.874069243066,0.054340964426276554
1096,72.0,0.02200851714286013,6917.445999342139,0.05990069703289333
1097,73.0,0.029508825792566196,37961.965477638834,0.06465527600792935
1098,74.0,0.033286750518815904,45548.86824488482,0.0664725534606927
1099,75.0,0.04284784160549,5191.409046911157,0.08706389856657551
1100,76.0,0.01714177759623666,908633.5403801977,0.10888586394247513
1101,77.0,0.008420577775839693,77732.51138205794,0.11552347437532287
1102,78.0,0.010250645671757447,116903.30206380785,0.12112205039972233
1103,79.0,0.01088070401015405,304088.07589548896,0.12658900562682285
1104,80.0,0.0369176282806437,61204.63334474499,0.1265619108588793
1105,81.0,0.04308031057437996,158637.26197170437,0.11744363311691129
1106,82.0,0.04696598354973533,18033.130041651515,0.0812022711049913
1107,83.0,0.032435604730629404,7330.282404308936,0.1086748240113988
1108,84.0,0.07612919768499861,45982.05113538743,0.13538732000382747
1109,85.0,0.03964587386759215,97980.49282942987,0.16952726959148173
1110,86.0,0.08702920850792906,76104.96621084292,0.12702466923522424
1111,87.0,0.12670249761587268,9731.273667471753,0.0746992681259677
1112,88.0,0.09687158976097095,4217.40310681005,0.05458593036385778
1113,89.0,0.06752867324992717,28238.386732282677,0.11077675136937556
1114,90.0,0.07541523038282182,4062.5130285680043,0.1253620527202295
1115,91.0,0.04565618831486082,5451.200049278029,0.29933081004077333
1116,92.0,0.019024069110432345,298641.3478528139,0.2415591949285291
1117,93.0,0.03202498581616337,10586.60366824087,0.18571282350280913
1118,94.0,0.027760537576075214,21070.716237698674,0.14879405594182532
1119,95.0,0.04846707436082044,50836.48638778976,0.12167847876868543
1120,96.0,0.04768534428956708,134105.12262293074,0.08688954698657259
1121,97.0,0.030797598306306195,12892375.57467359,0.13843338607584682
1122,98.0,0.016853887793882694,16119.959650210541,0.0591513203448783
1123,99.0,0.012030287664158661,1036612.7081508433,0.11217490638734484
1124,100.0,0.029828259876965312,34894.67488807881,0.13194450989247522
1125,101.0,0.03629119599046041,1285662.7776012642,0.22877785536008122
1126,102.0,0.02637680202560228,3722.324118433797,0.15947473648914193
1127,103.0,0.017791871220635587,5139.469461598805,0.08476596480075788
1128,104.0,0.01758094803645819,152776.49889118396,0.10629021924538497
1129,105.0,0.025389035119001244,3632.1025753301537,0.1051081571067888
1130,106.0,0.02047643285601438,4366.954134865955,0.22441947466338902
1131,107.0,0.018865379005460065,3513.4006874807183,0.23752917379189448
1132,108.0,0.021169038438374477,3328.851641871065,0.24960096611420532
1133,109.0,0.04605815130489397,12695.59086427867,0.11859340274652497
1134,110.0,0.018326341932191053,402350.62020348624,0.10195367065482343
1135,111.0,0.020995590803927086,20643.207173696243,0.1373198864675049
1136,112.0,0.023570903062437188,39470.44943036557,0.22339060273557293
1137,113.0,0.034565954566369655,7240.004696835249,0.10458462831841961
1138,114.0,0.022002538170513262,7679.613449628998,0.15457987674430596
1139,115.0,0.033939345153728116,5098.518407235814,0.1438432194568967
1140,116.0,0.042698496622662056,5634.448656664149,0.15088584428758414
1141,117.0,0.040537470944699824,8651.651693865997,0.1262419890195447
1142,118.0,0.03634300452258257,7189.213251450113,0.18906513893936788
1143,119.0,0.03949195555145984,12589.726800547662,0.12105355969293483
1144,120.0,0.048080442211758084,6734.381286854109,0.07290369082844765
1145,121.0,0.03823860810280484,6283.968058483486,0.08303518921123157
1146,122.0,0.03242539463245524,8729.96916452207,0.0947825319900911
1147,123.0,0.03126153798510035,152150.80396735677,0.08866851766702026
1148,124.0,0.06506778538470762,4905.337341630833,0.04185083652588296
1149,125.0,0.04275215047991755,6332.892658730002,0.05052373071297338
1150,126.0,0.041915768408982604,13392.555948236848,0.06656560453128904
1151,127.0,0.049064421492161656,17621.628676795262,0.05793471254257197
1152,128.0,0.04528989468976656,22080.811359986925,0.07773136403860792
1153,129.0,0.06439124376373796,11483.418581249714,0.07584589790080556
1154,130.0,0.03243285510223063,56176.951981453574,0.07987224072110184
1155,131.0,0.025526077890693773,17452.617546467383,0.08787312247260953
1156,132.0,0.021183480856367922,26188.38769153486,0.0794618310346458
1157,133.0,0.016668715081758326,47424.055295837505,0.1098035391347822
1158,134.0,0.01414705034421748,45058.111059912655,0.09490893738235906
1159,135.0,0.007746613226420967,69953.1190909639,0.10435547645086464
1160,136.0,0.007588937603521854,253392.3030449436,0.18662121064766846
1161,137.0,0.006443555565112508,149503.89290875776,0.17693547610585364
1162,138.0,0.007889239739568682,130391.02861567542,0.2150994030087336
1163,139.0,0.024157943286258973,439322.20789071993,0.1615129627999053
1164,140.0,0.03169019828970805,464597.3754797398,0.18724148331882112
1165,141.0,0.03731232269573928,478214.7434137519,0.20853643289150692
1166,142.0,0.060969538198547286,494135.2046111394,0.20089752092938515
1167,143.0,0.059743981910687576,546580.1177971833,0.20941552773271663
1168,144.0,0.05595730393605111,805291.8848862925,0.11678856961507156
1169,145.0,0.11026780422604868,896543.234968746,0.15863820241827495
1170,146.0,0.08380818721006737,772262.0577544005,0.28314673337417434
1171,147.0,0.04220413421795787,299557.88770335866,0.33996393451672235
1172,148.0,0.0163974290133741,283696.11765414197,0.23287047711094722
1173,149.0,0.008207965934008878,48039.89409762016,0.2676550581156621
1174,150.0,0.005304512830857635,86282.33273379912,0.2580634854471266
1175,151.0,0.00586441917666754,262025.92716917448,0.1438604035317335
1176,152.0,0.004379057152876968,113759.89451766216,0.10950131656335017
1177,153.0,0.012032578265394505,59829.99794318023,0.19554430902887068
1178,154.0,0.010394359536705042,74892.91644180006,0.3800890041247553
1179,155.0,0.014779223639667037,243117.6080683584,0.35272311738284673
1180,156.0,0.013069903695344276,618296.3345108195,0.3517609563797841
1181,157.0,0.013553118389791202,234326.50778289782,0.28779526160005997
1182,158.0,0.013958063535918434,117828.94610821194,0.29113711900237293
1183,159.0,0.01635813213714375,232326.12329893478,0.2861297148376379
1184,160.0,0.02200074619706383,158532.79380744006,0.2704160561887262
1185,161.0,0.025070721323008593,193722.14289486068,0.3063117210935215
1186,162.0,0.031313916591661016,230817.72849077053,0.2848609417020102
1187,163.0,0.032389455695643735,205909.10593281983,0.2141984139068225
1188,164.0,0.040915064534161674,210379.05319619787,0.35449381497660865
1189,165.0,0.041119672867782245,276392.25162622955,0.281962210419935
1190,166.0,0.032073716838670774,249927.34613497806,0.2715693736925013
1191,167.0,0.03982936019408504,376474.8443990322,0.22360017149955408
1192,168.0,0.04073653199819659,428692.4806241048,0.11455418930952313
1193,169.0,0.021752658057924135,646672.433449612,0.2496492257829689
1194,170.0,0.020105866510145905,266331.8768849509,0.29418243547514594
1195,171.0,0.014176034129024098,132213.30071855828,0.344404171432741
1196,172.0,0.009567221694675321,215274.04340837433,0.2389957169705187
1197,173.0,0.008148703883321673,228339.88381280718,0.15390803656318372
1198,174.0,0.008922388350343098,70366.33521637856,0.14541312351196253
1199,175.0,0.010609978683419593,121140.21450957815,0.16987885199083327
1200,176.0,0.012522197196592968,343041.80272009404,0.16037997513777819
1201,177.0,0.009369972118319855,325925.90412267944,0.12311362826917187
1202,178.0,0.00748335853402265,279403.2614095854,0.1478301430540912
1203,179.0,0.011021733696184435,353834.5878425858,0.12117045259173537
1204,180.0,0.013613895130625974,422790.7166782157,0.08407834092671752
1205,181.0,0.011860081287881363,538996.7826301153,0.08738584063498527
1206,182.0,0.018061220369144964,306711.8476997641,0.1268468564655572
1207,183.0,0.01660742764904971,477045.1600750955,0.12747954774982265
1208,184.0,0.018607813998767438,761555.4434061153,0.10511176664694336
1209,185.0,0.017829280051579716,538402.5156173321,0.12089856966646928
1210,186.0,0.012514380706223394,470490.12927320675,0.11256915794180225
1211,187.0,0.014231066735038211,554354.5325665547,0.11162009541545304
1212,188.0,0.014981024824931105,411443.4291673655,0.15558240608974827
1213,189.0,0.016979037619733305,382391.4834497575,0.13578039681402232
1214,190.0,0.010141752549122883,660856.5544831312,0.1301794607513463
1215,191.0,0.010831142660405359,492263.02577741054,0.14378602212975422
1216,192.0,0.009362981046601099,498694.5166107004,0.10718885872723459
1217,193.0,0.00813923676977221,952819.2623058212,0.09204692235185584
1218,194.0,0.009739551254573603,1190277.3090722295,0.07813204039386999
1219,195.0,0.013330084024621307,852001.4742854446,0.09691060432319124
1220,196.0,0.014617287640474,1177502.3726711522,0.09896677884711613
1221,197.0,0.016681418074188898,1226156.896750229,0.12420972652784976
1222,198.0,0.017419518150489314,797330.8145209864,0.0893048904838043
1223,199.0,0.018368166527930635,571148.6233422073,0.10008088735630011
1224,200.0,0.014745222054471029,329327.1028056876,0.11730107151803845
1225,201.0,0.01688075576716827,418620.7813668512,0.10482540264593565
1226,202.0,0.01906925746754764,639781.1824818151,0.10835084554020044
1227,203.0,0.013216516431931336,169398.36088667513,0.10991692546101488
1228,204.0,0.02230663902302947,859823.0658398372,0.10566499356942241
1229,205.0,0.013841639110488682,213765.01792246226,0.10500148556289504
1230,206.0,0.008932664201539103,85349.1782763426,0.13144004568224427
1231,207.0,0.011885553803843965,252003.07582994373,0.1564752496589149
1232,208.0,0.00859729477663141,574599.3645897653,0.15989255235088842
1233,209.0,0.010736121641802949,921256.1610158377,0.17441869396100435
1234,210.0,0.010840823817766578,1620921.0906229555,0.1469770689817622
1235,211.0,0.011465522117575434,2942334.7122891936,0.19018554349911068
1236,212.0,0.006709379517344488,487768.67354750435,0.15645896784309563
1237,213.0,0.008004378737853859,265576.8901066613,0.12738861924676922
1238,214.0,0.013301516969623308,2093201.9645287336,0.11725459174036404
1239,215.0,0.013652794993287939,2835287.611417133,0.1479585113199274
1240,216.0,0.011944638361706927,2221064.880132706,0.10932254866574323
1241,217.0,0.02313631047737141,3208504.884848185,0.10854359084664003
1242,218.0,0.04782637906326287,4495580.565666079,0.16727917657126104
1243,219.0,0.1023117263639032,4627084.955424656,0.11826341063019735
1244,220.0,0.11222365204755719,4549695.151938983,0.13654613348307723
1245,221.0,0.12586492213755518,4188609.126370596,0.12433973458575288
1246,222.0,0.10757509233939393,3817860.255579448,0.09527002397310531
1247,223.0,0.14481595316326276,3725804.9747974067,0.0667735079861693
1248,224.0,0.29256280000099727,4308875.809795581,0.06364672281331138
1249,225.0,0.37797840101428337,3857538.7783397036,0.0788035494279529
1250,226.0,0.5768717067197157,3311395.5556807155,0.06527378491631962
1251,227.0,0.4975984731653763,2482005.273559721,0.10774757012869678
1252,228.0,0.4278818655630518,3268914.064976374,0.1177479019051416
1253,229.0,0.31669980216102345,2153863.7207893045,0.12016789063143041
1254,230.0,0.5762456153982117,2343234.2907047844,0.14083649940754328
1255,231.0,0.3678163021300344,2502273.5489450535,0.14646004891124365
1256,232.0,0.4004102565364816,2999111.5011036796,0.11441474835273145
1257,233.0,0.45483218169037865,1915264.2045887476,0.18164007018459588
1258,234.0,0.5111103310410479,1752876.8978849566,0.16851562649213012
1259,235.0,0.5818833102157098,1826052.712685757,0.1851547009223188
1260,236.0,0.5634210879314253,1546304.7523805907,0.17809125518811006
1261,237.0,0.7623265719018884,1742336.0845447283,0.12295602847400823
1262,238.0,0.354719980939707,1150581.2429970347,0.1362182737969903
1263,239.0,0.23898236244493454,1108481.8447376494,0.12136452728892276
1264,240.0,0.46793336550004894,1144872.253459793,0.1584657928694515
1265,241.0,0.4877872150477483,1112202.989227985,0.13268196358298234
1266,242.0,0.3221278284050943,893333.4379784666,0.1274351932259249
1267,243.0,0.09212190695055238,758299.850754731,0.13121054502420454
1268,244.0,0.08452061448144824,650219.9018350518,0.13423925168766823
1269,245.0,0.06986354787785794,518206.3990161184,0.14787252743322868
1270,246.0,0.029081537973202586,274710.9629019113,0.138400806566082
1271,247.0,0.02462109321358559,211961.44665470024,0.1271255087167903
1272,248.0,0.026071589470075863,269843.6295369074,0.20374920783716227
1273,249.0,0.026296555816009707,238500.42348873973,0.21518656946066028
1274,250.0,0.02752668737917399,319993.77159956825,0.1274422635421128
1275,251.0,0.02368199895595481,385071.5234429828,0.11607834571007677
1276,252.0,0.027740641281506547,400523.27082431497,0.14822408013769242
1277,253.0,0.02296635001985885,394108.0959228487,0.16803170886211555
1278,254.0,0.02515333720255582,536528.5696259697,0.20350307246090016
1279,255.0,0.02619277498136185,561426.0866198748,0.22147219957989217
1280,256.0,0.035494140280850815,764546.1330579313,0.15898275412921722
1281,257.0,0.02668239335330318,718091.3318877516,0.13121989445478716
1282,258.0,0.024017929528690425,493722.5431586204,0.16082295224327897
1283,259.0,0.021789393505083597,642043.9567783886,0.23883342551824682
1284,260.0,0.015879394010361245,449813.60317601234,0.1529118040784994
1285,261.0,0.01810703405097057,632956.4006193823,0.15190627673405824
1286,262.0,0.018081504190489508,489764.3719614214,0.16835718705540104
1287,263.0,0.021082384945371103,647573.4980711972,0.17166546246298064
1288,264.0,0.024209694685110986,990507.4028791982,0.1895833810918891
1289,265.0,0.024890094668090446,884616.6292018944,0.20318490803854397
1290,266.0,0.028622353467115204,936427.0889615134,0.19505486629942737
1291,267.0,0.03769045130150032,1067844.5935938174,0.2332413754473293
1292,268.0,0.03667001965830501,980650.1812468634,0.2405478520588326
1293,269.0,0.025606761823311362,815648.3902383159,0.18244227095741508
1294,270.0,0.021197859727104494,879936.0619294688,0.16910608486732334
1295,271.0,0.02100401689399855,884625.1512615471,0.18540522867061215
1296,272.0,0.021499765919435726,978592.0534468943,0.18635370734512108
1297,273.0,0.018693129073483056,845262.886362678,0.15151164285813548
1298,274.0,0.017046625676340247,984377.0245003373,0.14643984661226994
1299,275.0,0.01634992571272973,957202.857210566,0.16213836649761537
1300,276.0,0.018920422747292696,1049741.854953324,0.1383792470289894
1301,277.0,0.01908702622592695,1232868.870452623,0.22871168507219317
1302,278.0,0.019633880700277155,1390831.1342019197,0.17321161649099132
1303,279.0,0.021013419767451323,1366746.0463050501,0.16253412963317546
1304,280.0,0.029444569041319438,1716024.3348721068,0.08871932100818655
1305,281.0,0.03721005464592467,1776508.10538932,0.13427795455258754
1306,282.0,0.023607147147210957,1489617.021453903,0.1353452952619404
1307,283.0,0.02212563139254012,1630941.8631605867,0.08875313132387713
1308,284.0,0.030493275092933037,1784024.5633298997,0.11975915348423
1309,285.0,0.029672996293344543,1661138.0750088652,0.14425908837214807
1310,286.0,0.03208473331501396,1848288.6579925627,0.12774731837981423
1311,287.0,0.04093832531282086,2315270.389557175,0.15888283866531025
1312,288.0,0.04719902368166597,2459737.261777774,0.2430375985316703
1313,289.0,0.04797247593557719,2151037.9101470495,0.24615714124549154
1314,290.0,0.058107002152285876,2434039.179880915,0.24570362737954726
1315,291.0,0.07320388914248302,3220375.211543636,0.2773004634642971
1316,292.0,0.05767496309650693,3098022.373840228,0.1832672746874827
1317,293.0,0.03959431085946328,2750379.185539771,0.1370583706153023
1318,294.0,0.05683504472121759,2901397.9463002374,0.1615304984530069
1319,295.0,0.08079377419815643,3371570.619927392,0.22995644942717589
1320,296.0,0.07701581315026013,3045382.3583563427,0.14664918067674085
1321,297.0,0.07778024566764395,3368479.46247613,0.12040781948457237
1322,298.0,0.10517892035820023,3385837.3948451914,0.12491870419466417
1323,299.0,0.10855395204087125,2837571.4655035753,0.2581066845531501
1324,300.0,0.12061376678796143,2535415.6631642985,0.22527499778700824
1325,301.0,0.09739195787551584,2312943.806972381,0.25072521098468004
1326,302.0,0.09380612501612098,2391670.6871880684,0.19779985175512516
1327,303.0,0.11864450456506075,2628243.5435569864,0.1577504486076476
1328,304.0,0.09006746400936219,2626680.836348019,0.15688552790810512
1329,305.0,0.07638732354198063,2068832.158600369,0.18933198494638656
1330,306.0,0.05829792383010666,2107878.181929619,0.16535979667756198
1331,307.0,0.036686783009763524,1999121.8281657023,0.15437494081547992
1332,308.0,0.03165742828525603,1585742.4720956294,0.1395086597737618
1333,309.0,0.029891492526523646,1889064.916216346,0.1318806466920807
1334,310.0,0.023950904190922988,1816261.1335845157,0.12441900514870341
1335,311.0,0.019136855234334484,1597380.125186732,0.17440801591114888
1336,312.0,0.02004928983308276,1553621.892398716,0.1253163344510454
1337,313.0,0.01708845491958196,1553282.796627694,0.16767445461466687
1338,314.0,0.014861817750141726,1415640.2133776522,0.12412346150117634
1339,315.0,0.012884978214065422,1336615.6124659972,0.09925799694374357
1340,316.0,0.008907107748461679,830679.4990400537,0.09308397931057608
1341,317.0,0.006617719795593983,888678.1638837927,0.08939529653796766
1342,318.0,0.005579045800167322,796575.6363966004,0.13674085023983146
1343,319.0,0.005114238640024181,706829.4446873232,0.1178616620923632
1344,320.0,0.0051430742328389695,705939.1556067987,0.12366471873865544
1345,321.0,0.0035634603822695624,282260.5957634206,0.13112710065073183
1346,322.0,0.00576140547638659,1609025.5958476008,0.11593328338255969
1347,323.0,0.0037707853864517946,331287.46990240633,0.11631665291639137
1348,324.0,0.00472301304695019,357169.71329300577,0.11140417472707073
1349,325.0,0.004130752466465142,202524.42204791625,0.11293084580157187
1350,326.0,0.004886766444283266,250318.6060275961,0.0952339644303127
1351,327.0,0.005023172949582306,98518.17057870318,0.10970212325918427
1352,328.0,0.005891366770210413,231672.9059772259,0.122639389416984
1353,329.0,0.0,,0.0
1354,330.0,0.0,,0.0
1355,331.0,0.0,,0.0
1356,332.0,0.0,,0.0
1357,333.0,0.0,,0.0
1358,334.0,0.0,,0.0
1359,335.0,0.006042069656953453,892680.0912622387,0.1091751584645172
1360,336.0,0.006133837097218633,497591.07014258736,0.08779510453792486
1361,337.0,0.005815501848049743,919998.390890804,0.11248092257465978
1362,338.0,0.006189096662883437,701853.9495741962,0.09863705041897568
1363,339.0,0.004327831714484202,107560.7431883176,0.10339442030102881
1364,340.0,0.006176975953461966,542259.5367013682,0.14133249153257527
1365,341.0,0.005507631731236263,519760.51048966084,0.11181448962992413
1366,342.0,0.00509464386505834,194218.6736228684,0.10472857485037386
1367,343.0,0.007476174026932815,741003.9271636363,0.10224964409158988
1368,344.0,0.0,,0.0
1369,345.0,0.0,,0.0
1370,346.0,0.0,,0.0
1371,347.0,0.003279888690372442,353621.27123110404,0.07779238162293381
1372,348.0,0.005748194332374444,201796.06396245418,0.06991160585482387
1373,349.0,0.0,,0.0
1374,350.0,0.006619014237305871,241444.02381160515,0.08307779651254825
1375,351.0,0.008146731191896031,93869.80415575019,0.06877152711690716
1376,352.0,0.007719047353160185,836419.3262405763,0.07416017374174849
1377,353.0,0.007025837987364677,161747.37765048968,0.1018376202601203
1378,354.0,0.008709638632003181,158330.38231703886,0.09122418051904232
1379,355.0,0.0,,0.0
1380,356.0,0.006336313394708549,314782.22162843094,0.08682590930304612
1381,357.0,0.010851842824632632,312746.40047126764,0.10786794625200266
1382,358.0,0.013451116817595999,1280706.9576888718,0.0917006054402878
1383,359.0,0.015112610353367478,231421.98376228334,0.07933126400044986
1384,360.0,0.01451216870987976,1413023.931828358,0.08420896162489384
1385,361.0,0.01508746487172204,379816.30626592954,0.09304085761181416
1386,362.0,0.01463843424550961,210986.7114565586,0.1265815167581228
1387,363.0,0.01640781573593223,513369.5016607739,0.08986243768071941
1388,364.0,0.005679607526982159,1276585.1712535569,0.07721532206974116
1389,365.0,0.010205032570554272,328611.04756265285,0.12868221021592263
